artist_name,artist_id,date,predicted_growth_90d,missing_pct,available_features,total_features
Flo Masse,48f4fc22-6859-4bd3-ab16-9c3d122ff48b,2026-06-17,79.4013671875,15.0,85,100
Âme,672db702-b4f8-486f-bb2f-a3199d8b9bae,2026-06-17,67.42688751220703,5.0,95,100
Grace Sands,1951f033-502f-4cd9-bbd0-e1b1cf1c54f7,2026-06-22,64.0713882446289,20.0,80,100
Danny P,ed244969-3440-4787-aaac-8e84f36d5947,2026-06-23,63.781333923339844,15.0,85,100
Collabs 3000,1e131950-12a8-41e1-863e-fc2b1f1e4645,2026-06-22,62.74531555175781,20.0,80,100
Carmen Lisa,dae30a08-a43b-430d-b324-29112edeb6c1,2026-06-17,61.391719818115234,20.0,80,100
Paul Lution,18822dde-51bd-4088-9e38-9139a8bc9840,2026-06-17,59.80556106567383,20.0,80,100
William Caycedo,46774b20-6294-4524-9d02-bda4b3d69b8d,2026-06-17,52.05636978149414,20.0,80,100
Julian Anthony,208b304f-a076-4575-8d85-cdd7fb9e53c5,2026-06-17,43.89383316040039,10.0,90,100
Nadia Struiwigh,5800b669-56bf-493c-8764-e70bdb370bf2,2026-06-17,43.002689361572266,0.0,100,100
Dangerous Dreaming,891696d2-a8c6-4d6f-810e-44123409e81f,2026-06-22,42.72434997558594,0.0,100,100
Tsepo,599f1b6b-4318-4949-803c-85c94c5402cf,2026-06-22,42.65217208862305,20.0,80,100
Barbara Boeing,849ce602-4026-4ad0-bafb-494338dcb623,2026-06-17,42.413856506347656,5.0,95,100
Sex Wax,56be3e3d-1629-4baa-a969-4e3bed43e5bb,2026-06-22,41.80134201049805,20.0,80,100
Combined Type,82a6505a-cbd3-487f-a7d7-e63a42b043ed,2026-06-17,38.773189544677734,20.0,80,100
evin,6a2573d4-cadd-4705-bf57-6134523b4c56,2026-06-17,37.73516845703125,10.0,90,100
Vlada,e3152be6-836d-4666-b862-c1659896252e,2026-06-22,37.054649353027344,0.0,100,100
mad miran,01964551-0ba8-4469-88da-3a7a2c81d96d,2026-06-22,35.585968017578125,20.0,80,100
Robert Bergman,55e977b7-5fcc-49af-a186-725e4c5d2767,2026-06-22,34.319480895996094,20.0,80,100
Freakenstein,5f982603-970e-4b24-b59a-d8ee603afcc9,2026-06-17,34.191829681396484,20.0,80,100
Naone,194af231-0173-498e-9699-54d39a4028ec,2026-06-17,33.62345504760742,0.0,100,100
Dr Rubinstein,aa5d0627-6a81-4d82-b9f7-4407b7395e2e,2026-06-17,33.599884033203125,20.0,80,100
Laure Croft,c86210d2-23cb-49a4-a5b6-15317c415dc9,2026-06-17,32.758270263671875,20.0,80,100
Benji,1bde7009-613e-4f60-91bc-1e8c51da05df,2026-06-17,31.615543365478516,5.0,95,100
Fiene,33720f57-574c-4580-880d-c8419b0a4269,2026-06-17,31.484878540039062,20.0,80,100
UFO95,1c762210-4bc1-4563-8bd3-7090c9e54d4a,2026-06-22,30.687410354614258,10.0,90,100
Daniele Temperilli,092f7f9e-124d-44de-8afa-9bdb19d64a65,2026-06-17,30.650941848754883,20.0,80,100
Mystral,fd5bf13c-2a02-4fc0-a777-5200ffef5bc8,2026-06-17,29.55780601501465,15.0,85,100
Gabbs,b4e2812b-577e-4de9-ac62-8060028f0e12,2026-06-17,29.15936279296875,20.0,80,100
Jamback,7b7b167c-fc03-46c8-9ef1-a252eab05165,2026-06-17,29.116344451904297,0.0,100,100
AIDA,c231f488-b870-4405-ab4d-981351f55d08,2026-06-22,28.527719497680664,20.0,80,100
Olive Anguz,968bebab-24d4-402c-902f-46ebfc87a470,2026-06-17,27.685447692871094,20.0,80,100
Uni Son,95c36dfb-934d-469d-90a9-e72f120a8503,2026-06-22,27.477161407470703,20.0,80,100
Yanamaste,7b68cb99-71d5-4522-8653-2d851a498428,2026-06-22,26.913211822509766,5.0,95,100
Merinero,1f1aa0de-74ef-4b83-99a5-9059e4356832,2026-06-17,26.82377815246582,30.0,70,100
Benny2,74d88c59-675d-49f2-bb32-67405e251409,2026-06-17,26.172229766845703,20.0,80,100
Moopie,2bbe8d8d-5c5d-4d8c-9ab2-beb365d2f02c,2026-06-17,25.626684188842773,30.0,70,100
Sunil Sharpe,272dceef-4960-4230-bedb-8d8d3fce7191,2026-06-22,25.555103302001953,10.0,90,100
Jennifer Cardini,dc526abb-9c68-4de9-8c80-e09a3ec82969,2026-06-17,25.442655563354492,5.0,95,100
Coco Maria,f69fa4ab-0886-4ba6-9693-1820d90938f1,2026-06-17,25.297622680664062,15.0,85,100
IFIF,448c43b0-dc4f-4526-b25a-2131ed238752,2026-06-22,24.654476165771484,5.0,95,100
Ogazón,8c151025-af07-4ecc-a471-b960067284af,2026-06-17,23.97826385498047,20.0,80,100
Francesco Del Garda,7b58cfa6-5423-498a-8e26-ff92812c1929,2026-06-17,23.931577682495117,20.0,80,100
Shanti,8c22d67d-2a3c-4280-99a0-0bfa6477d6b7,2026-06-17,23.843189239501953,20.0,80,100
Rosati,3aafba53-b2db-4875-871f-fd146918299f,2026-06-22,23.786914825439453,25.0,75,100
Comrade Winston,3e7a9636-3361-49ad-9b22-b4145e694716,2026-06-17,23.41240692138672,10.0,90,100
Kai King,f6f9d502-60e4-4105-b122-64e4dd78d3ae,2026-06-17,22.97916603088379,20.0,80,100
Yung Singh,ab5e77d5-ec1b-421f-97e4-dcfa3e8d97db,2026-06-22,22.84834098815918,52.0,48,100
Craig Richards,749a76d6-085c-4eda-a61f-6ceb8a143c91,2026-06-17,22.246824264526367,0.0,100,100
Tammo Hesselink,35527007-6b21-4101-91e3-6a4f5536b4ff,2026-06-22,21.95067596435547,0.0,100,100
Altinbas,1af75569-0072-442d-bb51-21d20bb6335f,2026-06-17,21.487627029418945,0.0,100,100
Beste Hira,3aa64832-a537-4125-ae3b-dd51e0e46883,2026-06-22,21.11972999572754,20.0,80,100
Ollie Lishman,25e37eb4-4059-415e-9c93-903e10bbeac1,2026-06-17,20.973814010620117,10.0,90,100
Kyra Khaldi,bed182e2-c6fc-4bad-967a-ab74b47628bd,2026-06-17,20.61123275756836,0.0,100,100
D-Leria,2a7a0b5c-88f5-41b2-84bb-0777cdb41754,2026-06-22,20.595674514770508,0.0,100,100
S.A.M.,4ce575c8-f2d5-4ab1-91a9-d4da929e6eff,2026-06-22,20.468481063842773,4.0,96,100
Hitam,29caee1e-9e0d-4219-96b9-090cd756dc68,2026-06-17,20.294906616210938,15.0,85,100
Amanda Mussi,046d3f44-4b84-4895-85bc-2b8733b0167b,2026-06-17,19.748857498168945,20.0,80,100
LUXE,899d93ac-eea5-4759-a785-af1245232cfc,2026-06-22,19.677289962768555,0.0,100,100
Eli Verveine,900fbe74-7c2c-4010-a0af-03af5d3d3138,2026-06-17,19.61447525024414,0.0,100,100
SOLIT,a5ef97ba-8878-4660-babc-86419811824c,2026-06-22,19.51828956604004,20.0,80,100
Not A Headliner,5ca3827f-9d82-4e4e-8c57-ee27a1e932d4,2026-06-17,19.146570205688477,20.0,80,100
Pila,84126afd-ec4e-45c3-be6f-1250ac4e344e,2026-06-17,19.137495040893555,20.0,80,100
CARISTA,d07ca5c1-ce50-437d-bd7a-a83092dfe505,2026-06-17,18.641868591308594,15.0,85,100
Slimfit,62ab5380-5765-417f-bb6a-af78604d1070,2026-06-22,18.325172424316406,20.0,80,100
Tama Sumo,cb227d61-922b-4bab-9301-83531520b909,2026-06-22,18.069740295410156,20.0,80,100
Naomi,7903b317-5d45-4ac4-91a9-c5df209749f4,2026-06-17,17.29959487915039,5.0,95,100
Cincity,cd7a7c88-3f4a-4679-bcdd-7fef36a58645,2026-06-22,17.233694076538086,5.0,95,100
Flansie,95aafb57-3747-4d4f-86bf-147991294225,2026-06-17,17.186250686645508,0.0,100,100
Reptant,e09ed894-71c7-4e0a-98cd-d2521d828075,2026-06-22,17.15192985534668,15.0,85,100
Delano Legito,7823c60b-b5a5-4577-854b-8670f99f6395,2026-06-17,16.852962493896484,0.0,100,100
DJ PAULO,71b150bb-2b32-43f4-b703-b760e17c4197,2026-06-18,16.74004554748535,5.0,95,100
Amaliah,66f7e11c-62c9-4409-b059-6486c2fb51cd,2026-06-17,16.4473876953125,0.0,100,100
Ben UFO,bb9d6d81-c12c-4ad7-a9fc-a574cbec1ce3,2026-06-17,16.422016143798828,10.0,90,100
Impérieux,300e1029-f276-4b97-97fb-5e748f5088e5,2026-06-22,16.292062759399414,15.0,85,100
D Stone,097fc986-e50f-4d7c-bee6-b2d918933c73,2026-06-22,16.106557846069336,0.0,100,100
DJ Fuckoff,d47f336f-6cbe-4ec8-9502-6da0327db327,2026-06-22,15.8416748046875,0.0,100,100
Stephanie Sykes,4b93e27d-6367-49d6-8fd3-42cc90e78b2c,2026-06-22,15.764018058776855,20.0,80,100
JakoJako,c0616571-c419-450f-8068-425388797f77,2026-06-17,15.696076393127441,0.0,100,100
Harry Wills,ef5b88e7-1c9f-4a4f-a2fa-d96012b0a8c8,2026-06-17,15.603742599487305,20.0,80,100
Maarten Vos,9bbb2db8-6073-40fb-b1e2-e9eda04c10ad,2026-06-17,15.450387954711914,5.0,95,100
Chlar,79e91708-3aa7-4547-9c09-0f70b4bf733e,2026-06-17,15.180859565734863,0.0,100,100
Hysteria Temple Foundation,7ec11f9e-dacc-4690-a54a-e38ded4d25df,2026-06-17,15.070341110229492,20.0,80,100
Margie,366ac949-e394-467f-8361-f5222af849b9,2026-06-22,14.965124130249023,20.0,80,100
Maara,85e16787-9183-4e35-ab5a-057c3d65d810,2026-06-22,14.927438735961914,0.0,100,100
Chloe Robinson,d6c58b5c-0239-4bf4-8d9c-6b90a433e89e,2026-06-17,14.766127586364746,0.0,100,100
Burnski,c0a6b50a-08b8-47e6-b0d2-df29dcf54697,2026-06-17,14.587925910949707,5.0,95,100
Wata Igarashi,9a7934c7-f45c-4d28-9b79-929f91082911,2026-06-17,14.528823852539062,0.0,100,100
Luke Una,7051933d-08e6-4c54-a16d-7622be2434cc,2026-06-17,14.519368171691895,25.0,75,100
Sally C,41e538f9-d0ba-4793-990b-25eb283fc0b9,2026-06-22,14.514871597290039,0.0,100,100
Vitess,c4e2b249-8994-4312-bd25-fb2328f1ac20,2026-06-17,14.270380020141602,10.0,90,100
Bakio,e3475a0f-6834-4a01-8ec6-74bbeb50016c,2026-06-22,14.248993873596191,15.0,85,100
DJ MELL G,436040db-fbdd-4825-8b20-26b5bc145a92,2026-06-22,14.191221237182617,10.0,90,100
Tommy Gold,634aed67-e896-42a0-b3bd-c64c3e7bd811,2026-06-22,14.180320739746094,0.0,100,100
Priori,27b79eda-df19-47d5-a5cf-f0fa5bb231e7,2026-06-17,14.148239135742188,0.0,100,100
Jack Fresia,c3c862af-4fbd-4705-93bc-5533e9350293,2026-06-17,14.069219589233398,15.0,85,100
Jennifer Loveless,9378a3fc-7740-4507-b00e-d6984ce02364,2026-06-22,13.924357414245605,20.0,80,100
ADIEL,ae8cadf1-54f3-465c-b56f-940639ae488f,2026-06-22,13.899394989013672,0.0,100,100
Blasha & Allatt,c73644f4-993b-4a48-aea2-4623e72da6f3,2026-06-17,13.896394729614258,20.0,80,100
Boss Priester,736b2e71-9658-4e0f-b963-9010c0e9c48a,2026-06-17,13.883623123168945,0.0,100,100
Voigtmann,0c6301a3-110f-45f4-ad76-1c4d01819a34,2026-06-22,13.657569885253906,20.0,80,100
Milion,57e9e72d-601c-4014-9d29-8dcc038ee984,2026-06-17,13.61108684539795,10.0,90,100
Luke Vibert,02fba2b0-e17f-4ea9-bc59-2fbd772da2d6,2026-06-17,13.471336364746094,0.0,100,100
Nørbak,f4eb110f-4cc0-417b-b873-6a305e59c2cc,2026-06-17,13.348860740661621,10.0,90,100
Polygonia,28a4d207-f7eb-4fe8-9ea6-58b976e759b2,2026-06-17,13.310355186462402,0.0,100,100
YASMIN REGISFORD,dbe00e39-9aba-492d-ab3a-a04c7064655b,2026-06-22,13.206653594970703,4.0,96,100
Konduku,da1d241f-b77d-4a77-b7c7-e2a8cbd9a1f6,2026-06-17,13.143468856811523,5.0,95,100
Nicolas Lutz,f5aa79b4-4feb-41b7-ab15-8b8a24b51ac1,2026-06-17,13.027162551879883,0.0,100,100
GiGi FM,25a2e6fb-d798-434f-9151-afa7d2848502,2026-06-22,12.785612106323242,15.0,85,100
Grobbie,1e01122d-7961-42dd-8e4b-aade1e2d8005,2026-06-17,12.661680221557617,20.0,80,100
Gabriel Munoz,77fa66bb-3191-4888-bdbc-e6e69ec1a203,2026-06-17,12.650609016418457,20.0,80,100
French II,1b9e2874-a876-4dae-bae1-a67cbb0fd6c5,2026-06-17,12.378841400146484,0.0,100,100
Jaden Thompson,7fe9ea1d-029c-4c21-af8e-2c8d6031a9b4,2026-06-22,12.282678604125977,0.0,100,100
Kamma & Masalo,5519c914-39e1-4fcb-82ec-deba7dfaa192,2026-06-22,12.23005199432373,20.0,80,100
Aadja,fd9ffafd-42cc-4b5b-a611-a4b2a63e5ea5,2026-06-17,12.194316864013672,0.0,100,100
Pangaea,cb47e414-d2dc-4fd2-99f1-d00ee08947ea,2026-06-17,12.169580459594727,10.0,90,100
Janis Zielinski,533d0b25-5a18-48b7-8098-43eab8386c6a,2026-06-17,12.10272216796875,0.0,100,100
Jephta,bdec11c9-512e-4753-a541-76c2b0d18764,2026-06-17,12.094061851501465,20.0,80,100
Storm Mollison,e9ff1c90-5682-487b-8623-d04157fc758b,2026-06-17,11.966811180114746,9.0,91,100
Loek Frey,263b980e-82fa-4242-90aa-2cf1ccf4f123,2026-06-17,11.832454681396484,0.0,100,100
Spacer Woman,0e687017-fd25-47f9-8e90-87d00d1a56c1,2026-06-22,11.808706283569336,20.0,80,100
Byron Yeates,b2119d1a-da15-4287-8e79-e76f698f6f8c,2026-06-17,11.713741302490234,10.0,90,100
Yazzus,06146448-84e9-42a3-a87e-9537ee218a5e,2026-06-22,11.620721817016602,10.0,90,100
Papa Nugs,4c7379a0-decb-44cc-92c6-e47988d36d73,2026-06-18,11.594900131225586,0.0,100,100
Polar Inertia,86953c7c-b494-4299-a4cc-f6f1aa106968,2026-06-22,11.54970932006836,5.0,95,100
ANNĒ,6aeb98ae-f29d-4e18-a575-8454fb1499b4,2026-06-17,11.506693840026855,0.0,100,100
Julian Muller,3786b0a7-776c-4fe2-a19e-f5b0ba182bd7,2026-06-22,11.445178031921387,0.0,100,100
The Darkraver,2ae79df2-f937-4a5e-9b24-4cd4c7d9a726,2026-06-17,11.318193435668945,0.0,100,100
Sandwell District,0cacb80a-a0eb-442e-9524-bdaafc2bb198,2026-06-22,11.306175231933594,20.0,80,100
JASSS,6bca8756-71d5-4015-b718-51e3d2235938,2026-06-17,11.264244079589844,10.0,90,100
JSPRV35,7fe86d28-78c4-4792-9e54-d76f11fed553,2026-06-22,11.256843566894531,20.0,80,100
Colin Benders,fa388f29-3b17-4719-98aa-f8c6c7dff770,2026-06-17,11.21056842803955,0.0,100,100
Kyle Starkey,92781187-7c56-4778-ab0e-1d6837700d5b,2026-06-17,11.15865707397461,0.0,100,100
Sandor,3daff84a-3571-4344-91cf-dfc298f25dc8,2026-06-22,11.140690803527832,10.0,90,100
DJ Yazi,ee6e11b2-f823-4395-bbfe-e121210b8e28,2026-06-17,11.064332008361816,0.0,100,100
VEL,3c0ce17a-6bab-44aa-a5dd-8fd3b38fd3ea,2026-06-22,11.028200149536133,10.0,90,100
Marcal,e7b5790a-d146-4ce0-8ff3-122f3ba00dbe,2026-06-17,10.923687934875488,10.0,90,100
Claudio PRC,50908ae7-41cb-4738-909e-1e7dc30905b9,2026-06-17,10.89627742767334,0.0,100,100
Mac Declos,6e583ef0-7d1c-4a3e-a430-59c567aa72b2,2026-06-17,10.885942459106445,20.0,80,100
Hector Oaks,6b08b2c7-4731-49fd-8e8d-392e30e6d928,2026-06-17,10.878421783447266,0.0,100,100
Prosumer,e5ce7885-998b-4986-8067-eaddc0b1487e,2026-06-17,10.867081642150879,5.0,95,100
adrian mills,ead89230-c232-4a03-9b05-be374229238e,2026-06-22,10.84823989868164,0.0,100,100
Ays,25d51c3d-b924-4fe9-9d90-3af8bf862ae4,2026-06-17,10.836152076721191,5.0,95,100
The Trip,13247f05-587a-40b5-8846-9acf83f39c65,2026-06-22,10.82336711883545,5.0,95,100
Stranger,e6d9c210-3264-4e68-a5b1-ac04544bbc48,2026-06-22,10.663531303405762,10.0,90,100
Aurora Halal,d1de52b8-d38e-4038-89d4-461bb61fc2e6,2026-06-17,10.641339302062988,0.0,100,100
Ploy,3b1c7d19-3c6f-40d7-a8c7-1756b58e0300,2026-06-22,10.632412910461426,10.0,90,100
DJ Hyperdrive,c95c1e54-0f14-40a1-9f30-46a38f4eee5d,2026-06-17,10.609908103942871,10.0,90,100
Sophia Violet,32bd3c49-10d8-470e-9ca2-a0dc8cb68685,2026-06-22,10.591341018676758,20.0,80,100
Sunju Hargun,7dbba6ae-d6f1-4486-9040-4a5cf1b66f08,2026-06-22,10.589800834655762,20.0,80,100
PHIA,daa4f482-e9ab-42c0-b0e1-b40eb6c55a21,2026-06-22,10.445388793945312,10.0,90,100
NIKS,c099e984-7856-44fc-bfcf-2075dc8437df,2026-06-17,10.425667762756348,20.0,80,100
Locklead,853a598f-d8ee-4a71-b860-c1e7228594ed,2026-06-22,10.329084396362305,0.0,100,100
Daiki,a89e870c-d144-46f6-b484-7964b4a87bda,2026-06-22,10.306411743164062,20.0,80,100
Bae Blade,731f8df5-43a3-4cf5-8b53-d6f7e1ed2076,2026-06-22,10.261463165283203,0.0,100,100
Kangding Ray,08c01e46-2976-4ba8-93dd-1166604b6c28,2026-06-17,10.26016616821289,10.0,90,100
Somewhen,b6d3e105-e4fe-4457-89d4-f233cfbb2d1a,2026-06-22,10.188112258911133,5.0,95,100
Fadi Mohem,ee1d7ff4-1906-4824-be55-a32bd0cada7d,2026-06-17,10.122013092041016,5.0,95,100
Tauceti,75704f8a-33b0-491f-98e7-6ae1e7ab86fb,2026-06-22,10.102434158325195,20.0,80,100
Carmen Electro,bfce8fe6-e6f5-4c9b-908b-71699c364e22,2026-06-17,10.081165313720703,20.0,80,100
Carlos Valdes,6dc53098-4eb4-4ec4-92be-a7b13d7018ab,2026-06-17,9.96936321258545,10.0,90,100
Herr Krank,6d270e81-cf75-431f-a251-90c4edd0f508,2026-06-22,9.949129104614258,20.0,80,100
Justin Tinderdate,e1d73beb-06b1-4305-835e-44a2433aec25,2026-06-22,9.892414093017578,0.0,100,100
Oceanic,059a416c-fd83-49d5-8885-18cd067c3231,2026-06-17,9.871652603149414,0.0,100,100
Juicy Romance,aa81fb3e-1b03-4e22-9b99-998008e5bde8,2026-06-17,9.866813659667969,0.0,100,100
Julie Desire,cd16fe66-fb9c-4b86-9942-db9ad1ba19f8,2026-06-22,9.812822341918945,5.0,95,100
Benwal,5d040e88-8c92-44ac-9815-c5eafbbbbe59,2026-06-17,9.805096626281738,5.0,95,100
Mary Lake,e69b9038-379d-440f-a70d-05d5d7657789,2026-06-17,9.768376350402832,25.0,75,100
Marsolo,783abf30-c572-4d09-841c-1615ba235599,2026-06-22,9.703460693359375,0.0,100,100
Nelly,9224130b-6eb3-4e14-8f17-55d799182e85,2026-06-17,9.603035926818848,5.0,95,100
D.Dan,ef5f09ec-5916-41ab-8794-7ebcb0bba43f,2026-06-22,9.57060432434082,0.0,100,100
Kessler,7c5ea465-65e3-4fa8-afbd-3f9de8a08b26,2026-06-22,9.526021957397461,0.0,100,100
KiNK,ec697790-49aa-46f6-97dd-22790d77884b,2026-06-17,9.493999481201172,0.0,100,100
Captain Wallop,13cae720-1a15-4c4e-9b21-2862a07190a2,2026-06-17,9.478944778442383,20.0,80,100
Lennart,7a45be54-92c7-44a6-8dbf-503f79e08889,2026-06-22,9.46597671508789,20.0,80,100
EMILIJA,7ba15716-8e9d-418d-965a-e8ce171163a7,2026-06-17,9.455025672912598,20.0,80,100
Bass-D,9c72164f-7c11-45ca-9953-b1ff75cec1f0,2026-06-17,9.437199592590332,10.0,90,100
MRD,03c94391-c7aa-4c3f-8cfb-48095b1b4310,2026-06-22,9.433708190917969,0.0,100,100
Sassy J,3fe5f8e8-e8c1-47a4-ac88-ee2f446ac5c7,2026-06-22,9.405089378356934,20.0,80,100
DJ Gigola,d440fd4e-a3d1-4f92-88cd-d97739bdfd9c,2026-06-22,9.392824172973633,0.0,100,100
BELLA,e181fac9-d56d-449f-b14f-8ada21f9defc,2026-06-22,9.2950439453125,5.0,95,100
Na Nich,4dc53772-8554-4301-b60a-8c2a55db575a,2026-06-22,9.274039268493652,15.0,85,100
MALUGI,2d63c102-de28-4a6a-81b7-d139e1694b95,2026-06-22,9.190879821777344,0.0,100,100
Kara Okay,b697841e-c4c1-4fca-9321-05909e435f22,2026-06-17,9.181861877441406,0.0,100,100
Efdemin,0f5917f1-7aea-4b1f-a91a-dba48b3ae318,2026-06-17,9.16437816619873,0.0,100,100
cloudy,2b88d2f3-2e42-454d-aa35-8c6d280805a0,2026-06-22,9.070222854614258,0.0,100,100
Perc,097208fb-dd0c-43b8-931e-bdc05cb6c0cf,2026-06-17,9.037415504455566,0.0,100,100
Cassian,002aa755-eb7c-4b12-ad22-4ee1baf08829,2026-06-17,8.975028991699219,0.0,100,100
Helena Hauff,bfae1cfc-3322-45be-a215-8cdf90b91238,2026-06-17,8.85830307006836,5.0,95,100
The Lady Machine,cf3c31ac-4745-4234-bb41-2230cfd911db,2026-06-22,8.804168701171875,20.0,80,100
LoveFoxy,ed2355a7-e326-416d-af6e-17c40e136881,2026-06-17,8.794144630432129,6.0,94,100
Estella Boersma,5b7b3250-0203-4369-a7a8-4353349dd8bd,2026-06-17,8.769693374633789,10.0,90,100
Rødhåd,77c16cc8-bdb5-4f94-aff9-443f5094844e,2026-06-17,8.709525108337402,0.0,100,100
Sansibar,2a056616-31f1-4363-aa5e-56a15df595fc,2026-06-17,8.6831636428833,0.0,100,100
Newtone,feef7354-5702-45c9-8985-2e2bd60833eb,2026-06-17,8.653298377990723,20.0,80,100
VNTM,cdb11032-9358-4c5f-8890-82c6267f86d5,2026-06-22,8.621389389038086,0.0,100,100
Brawther,8de2ed01-ac8d-4dba-8d73-149190925017,2026-06-17,8.58735179901123,0.0,100,100
Dj Nobu,49da84f3-234d-44cb-9052-cd6d35110495,2026-06-22,8.570369720458984,20.0,80,100
Nick Leon,278a2004-0c8c-43dc-82dd-afc845b99c41,2026-06-17,8.411308288574219,15.0,85,100
X CLUB.,ac0f0106-e321-473f-9b48-318069bb57a3,2026-06-22,8.404682159423828,0.0,100,100
Joy Orbison,972e2083-9ee1-4dea-9e42-45dbb15ef11b,2026-06-17,8.385887145996094,0.0,100,100
Dissolver,63cdbd61-570e-486d-b2d9-5122ba321714,2026-06-17,8.34408187866211,0.0,100,100
DPR,ba0eea66-6dff-4895-a8e4-13567059771b,2026-06-17,8.334569931030273,20.0,80,100
Pearson Sound,7e722505-b56c-4ae0-acf3-527b1850ba74,2026-06-17,8.255672454833984,0.0,100,100
Toman,e0fab045-3551-4e5b-8825-4a91785edb57,2026-06-17,8.202585220336914,0.0,100,100
oma totem,94794d38-a1d6-4d90-a496-01e6c298e9f4,2026-06-22,8.178773880004883,20.0,80,100
Zenker Brothers,27789c61-c0af-4d7c-8b3a-d8350aab86fe,2026-06-22,8.10876750946045,10.0,90,100
Colle,0af886d1-eddb-42d0-9d5d-252b8c7f2733,2026-06-17,8.095489501953125,5.0,95,100
Herve,9c08a5c5-df9b-4048-9b43-3090f0e809d5,2026-06-17,8.041818618774414,0.0,100,100
Sonja Moonear,d3e2bd98-9121-41f4-a221-cab2c7dcd68e,2026-06-17,8.01435375213623,15.0,85,100
Running Hot,dca02280-b83b-4999-8602-08925c18e8c0,2026-06-17,7.992866516113281,0.0,100,100
Bella Claxton,fe05c8b9-b82d-4c8c-b9c6-171467578acf,2026-06-22,7.966549873352051,0.0,100,100
Beau Didier,49fe16c7-5c5b-4850-9f39-705eae02f99b,2026-06-17,7.95957612991333,0.0,100,100
Mareena,c4786307-b838-42ec-b3fb-782aa3bd7ff5,2026-06-17,7.942173480987549,10.0,90,100
Patrice Baumel,fcbfb4ba-60fb-4787-8662-0a273308cf0e,2026-06-17,7.941312789916992,4.0,96,100
DJ Frank,b31784ad-8354-4efe-a49d-eda116f0d118,2026-06-22,7.934304237365723,15.0,85,100
Objekt,285dd345-b186-454b-acda-1b32a4a6daa5,2026-06-17,7.921842575073242,0.0,100,100
Anthony Linell,cb43ac12-e35b-4f4a-a077-206b0e5d5893,2026-06-22,7.918165683746338,5.0,95,100
UVB,13ca2db4-0b66-4de9-9256-7ab83b7ed44a,2026-06-22,7.916323184967041,0.0,100,100
Midland,23123f98-2c3e-40f4-a0fa-2180dbef9d74,2026-06-17,7.87747049331665,0.0,100,100
Bitter Babe,8e32b460-13f3-4fab-9ed7-667581ad13cc,2026-06-22,7.875556945800781,10.0,90,100
Fireground,34d8779c-d655-444d-b709-543852efcdc8,2026-06-17,7.83965539932251,10.0,90,100
Kia,24f098bc-4977-45ca-aa20-6cc1722f87b4,2026-06-17,7.80406379699707,15.0,85,100
Paul Seul,1f83629f-6349-40b9-93fc-221de7896df0,2026-06-17,7.771204471588135,10.0,90,100
ALCATRAZ,0d31ada7-27f6-4ef6-a375-ab160be40b07,2026-06-22,7.692415237426758,0.0,100,100
Freddi,502ba9d7-9a92-40ba-ad95-c0a8199cfac9,2026-06-17,7.688677787780762,10.0,90,100
VIL,6389c1d6-3cff-4849-823f-b361bd8a16ce,2026-06-22,7.646339416503906,20.0,80,100
Marino Canal,93583cd7-4066-4c2a-b606-19b665b0a22a,2026-06-22,7.634405136108398,0.0,100,100
Regularfantasy,020c39cc-8289-49a9-9fc8-8ba755930b5b,2026-06-22,7.595924377441406,10.0,90,100
HAYLA,71a6865f-7a9a-417d-b944-d805d99a3bb4,2026-06-24,7.540918350219727,0.0,100,100
CAIVA,c59eff70-8ae0-4fa0-9e40-47ffa6840e22,2026-06-22,7.504317283630371,0.0,100,100
Sidney Charles,a3f33dc4-cac4-410f-9ce0-884abc5078a3,2026-06-17,7.480973720550537,0.0,100,100
Partiboi69,cc7fdcaa-e952-432d-8163-6f65a201ea01,2026-06-17,7.464745044708252,0.0,100,100
Stooge Wilson,25644ac6-23fe-4c6a-8724-654243691544,2026-06-17,7.410449504852295,20.0,80,100
Cobahn,06047f9c-5ae9-4e74-9155-c9b33f7b8e02,2026-06-17,7.3817925453186035,20.0,80,100
Philou Louzolo,034fea1c-90ac-4ec2-a4a8-02662276de32,2026-06-17,7.3501763343811035,5.0,95,100
Shoal,275ac327-498f-44f4-8cff-0b33a64e80d8,2026-06-22,7.332942008972168,5.0,95,100
Tommy Chikara,ea849f20-ba66-4bb9-8c4d-8db0ad041ce7,2026-06-22,7.332171440124512,0.0,100,100
nthng,85fc6f07-5597-40da-9404-036dc67712fe,2026-06-17,7.32013463973999,0.0,100,100
John Talabot,f3990f73-a3d5-44ea-bae4-b53971ded185,2026-06-17,7.3139519691467285,0.0,100,100
Arthur Robert,11492b55-3961-4980-a736-b142102b2295,2026-06-17,7.2534027099609375,10.0,90,100
Stojche,4eafe71f-defe-47d4-b6ef-71dcdc2ccf24,2026-06-22,7.1882853507995605,15.0,85,100
Antonio Ruscito & Luigi Tozzi,a07cf87e-de15-46dd-989a-0dfa46ad3ad7,2026-06-17,7.1699113845825195,0.0,100,100
Phara,0046e45c-70fa-4436-854f-9ff7d224546a,2026-06-18,7.1308512687683105,10.0,90,100
MCR-T,93edf5df-e648-4252-ad71-c1a25c51aa4a,2026-06-22,7.08607816696167,0.0,100,100
Westside Gunn,8c92449c-970a-4baa-8dab-393b38050fe8,2026-06-22,7.068454265594482,0.0,100,100
Brina Knauss,f67da92c-1de1-4ff8-bd55-bf440ec05bd6,2026-06-17,7.010022163391113,0.0,100,100
Brass Rave Unit,9f4980e9-1a46-40e9-b04f-0f7fa31ecdbf,2026-06-17,7.006227493286133,20.0,80,100
Murphy's Law (UK),99aee864-a409-4e48-a305-6f8dcea2d0eb,2026-06-17,7.005338191986084,4.0,96,100
Vera Grace,e1795d11-064f-42f0-87de-f42f273078e5,2026-06-22,6.995407581329346,10.0,90,100
Joyhauser,f438c577-d42b-4c50-b3b7-2d121e5aed86,2026-06-22,6.991619110107422,0.0,100,100
Hyperaktivist,49f19457-34c3-4175-86e9-7c60e66d7c00,2026-06-17,6.944942474365234,10.0,90,100
Miguel de Bois,ce715a08-5e11-49d3-a047-dd9588cc72f1,2026-06-22,6.884592056274414,20.0,80,100
Martinou,966ebfd8-6022-410b-8e4d-fc17f853dab7,2026-06-22,6.8711018562316895,5.0,95,100
Re-Type,161ba95d-eb9c-4e75-9fee-b581a6fe66bf,2026-06-17,6.821399211883545,10.0,90,100
Clara Cuve,77f79927-7cb6-4c6b-8285-c01387ccca2e,2026-06-17,6.818070888519287,0.0,100,100
CRAVO,5da8b518-9c52-4f81-815b-80d03bb63f3f,2026-06-22,6.81355619430542,20.0,80,100
VRIL,a25ac3e4-df40-4e4e-b9c1-a76ec069c9d9,2026-06-22,6.6901164054870605,0.0,100,100
Mees Javois,a946c979-b21c-4656-bc05-3fa7d3a99a2a,2026-06-17,6.686079978942871,20.0,80,100
LSDXOXO,e24eb086-2ac6-43af-b1b6-018fe2525be7,2026-06-17,6.674583435058594,0.0,100,100
Nera,41c34637-2819-43b5-806b-3b3378601391,2026-06-22,6.657698631286621,5.0,95,100
Darwin,d7988937-b58f-4df6-a7e3-7ac15b3b2dc3,2026-06-17,6.647628307342529,0.0,100,100
Beswerda,9293ff7a-b198-4372-893d-87826d801b01,2026-06-17,6.603830814361572,0.0,100,100
Mateo Dufour,14c03b1a-6dd0-42a7-b965-194cacd01904,2026-06-17,6.584127426147461,5.0,95,100
Pink Concrete,0833781c-721f-4922-97bf-304e8501ace3,2026-06-22,6.541835308074951,20.0,80,100
Josey Rebelle,c8483d1c-e7ae-4566-86da-90c841e3b974,2026-06-17,6.531436443328857,20.0,80,100
Alex Kassian,a7677cf4-ca50-42d6-8cae-9a989c91fd0c,2026-06-17,6.498183727264404,0.0,100,100
Chaos in The CBD,ffc5ff9c-613b-4b76-8990-aa0362264a92,2026-06-17,6.483747959136963,0.0,100,100
Paramida,ccddfc44-080c-4db4-b31c-45d630e96737,2026-06-17,6.463016033172607,0.0,100,100
Trippy Tins,0d57acee-a8ea-4b29-b722-4b5c7bd288c2,2026-06-17,6.360888957977295,30.0,70,100
Just Lauren,80bbf9ca-3bd2-4c84-a92c-2a1856a9b21e,2026-06-17,6.287899017333984,20.0,80,100
Wouter S,bc055804-7d8f-4f0f-a49d-295371ebac1a,2026-06-17,6.282842636108398,10.0,90,100
Kevin De Vries,a8f592c3-5052-456e-98da-c98dad819eb3,2026-06-17,6.249119281768799,0.0,100,100
Matrixxman,8c7ede77-3d8d-452b-a047-ec33ca55c81c,2026-06-17,6.247948169708252,10.0,90,100
Talismann,76a298a8-a5b3-45c0-a398-86ed20a8a076,2026-06-22,6.129729270935059,0.0,100,100
Nic Fanciulli,5f5cfe9a-938b-4c4f-8210-4adf085008b6,2026-06-17,6.0603437423706055,0.0,100,100
Aldonna,37b7be86-2eeb-4c78-8d3c-49b49045c2a3,2026-06-22,6.028724670410156,5.0,95,100
Zisko,5171969b-dc7c-4c1f-a78e-491c0ec391d1,2026-06-22,6.027045726776123,14.000000000000002,86,100
Mau P,8882f084-a9bf-4875-a096-06fa094a23a3,2026-06-17,5.992308616638184,0.0,100,100
Jorge Fons,907a3f27-6d6b-4adc-92e4-61ffb500fcaa,2026-06-22,5.9487080574035645,20.0,80,100
Eva Vrijdag,020abaa7-f062-47c0-a5f0-a4de7af9e34b,2026-06-17,5.915360927581787,10.0,90,100
Faustin,31479e65-a484-44c1-88ad-74d32d1cfa78,2026-06-17,5.909332275390625,20.0,80,100
lammer,549a5c7b-baab-470f-8894-1a01ebbd28df,2026-06-22,5.892662048339844,0.0,100,100
Maruwa,bf1f272b-015c-496a-b654-44605ec17851,2026-06-22,5.867821216583252,0.0,100,100
Yoshiko,23d7d02c-33f5-40e5-aa63-2e08bb9bdb5f,2026-06-22,5.8182692527771,15.0,85,100
KREAM,ea5c213f-3b9c-4093-8acc-6eea4f763488,2026-06-17,5.802439212799072,0.0,100,100
mul/ANNA,a9a81cab-6f1f-45f4-a500-7c6f22f87721,2026-06-17,5.754754543304443,20.0,80,100
Krampf,55a6f310-0f95-4933-9013-d33230e424fd,2026-06-17,5.6900224685668945,20.0,80,100
Konstantin Sibold,db46d3f2-7af5-45c9-bffe-55bd26cc8833,2026-06-17,5.688907146453857,0.0,100,100
Entasia,0a2d1320-f7f2-4cb4-815d-b5f3a558cbaa,2026-06-22,5.685588359832764,20.0,80,100
Jorg Kuning,2502b3bc-59d1-441e-bbc8-02055b1e2feb,2026-06-17,5.597984313964844,20.0,80,100
Mella Dee,86a2fa29-91e4-4846-8b8a-beb53439310f,2026-06-17,5.585768699645996,0.0,100,100
AYYBO,48e935c1-2dc1-4c85-aa7d-be5c640573a1,2026-06-17,5.568358898162842,0.0,100,100
Vardae,2de9215f-9e2f-4a6e-aae6-8af011447fc7,2026-06-22,5.510060787200928,0.0,100,100
Baron Von Trax,fd9984b2-a81e-4e41-8d0d-371b4060587a,2026-06-17,5.488057613372803,0.0,100,100
Dombresky,5521c383-7c50-4155-8be5-0cd902fc6952,2026-06-17,5.447345733642578,0.0,100,100
CRUSH3d,fba0ac5d-3b18-4816-9b67-f5f480a433ad,2026-06-22,5.442342281341553,5.0,95,100
Bushbaby,331f18f5-558a-40fd-8687-15bdecd377fe,2026-06-22,5.405396461486816,0.0,100,100
Nèna,73582b9b-9a20-46c5-9506-03984857619e,2026-06-17,5.34241247177124,0.0,100,100
Sybil,e9fc17b8-c796-4d33-b4bc-da853323646d,2026-06-22,5.338621616363525,0.0,100,100
CCL,5be7768d-e868-430b-839d-fb66de9d5c04,2026-06-17,5.277978897094727,15.0,85,100
Ryan Elliott,f40a2a83-de8c-403b-9218-6b22e7031d95,2026-06-22,5.274054527282715,0.0,100,100
Moxie,07f2578e-0c75-4d31-be50-d372c6cb6fe6,2026-06-17,5.266651630401611,20.0,80,100
Adam Pits,de99b90c-56bf-46a8-90cd-c4ca2a3178ae,2026-06-17,5.266012668609619,15.0,85,100
DVS1,9683f6de-f155-443e-8296-321d38a7fd56,2026-06-17,5.263171195983887,0.0,100,100
Cromby,de8eb3c8-23be-4b36-95ad-56486c15899b,2026-06-17,5.19239616394043,0.0,100,100
Louie Vega,798bcbbc-6779-484e-9245-fab666e1dd0d,2026-06-17,5.099853992462158,0.0,100,100
DJ Marcelle,891f417e-59ac-4335-9545-9a9b429c0ce2,2026-06-22,5.037916660308838,20.0,80,100
Fumi,45814ffa-00c0-4e1b-944b-5c1cc0120f64,2026-06-17,5.003072261810303,5.0,95,100
Atmos Blaq,0fec9992-9086-4c03-b418-949f3113988a,2026-06-17,4.996237754821777,20.0,80,100
Match Box,b48b211f-0dd0-4551-b3a8-1234da234244,2026-06-22,4.957460403442383,20.0,80,100
Saidah,926e6ff3-c6e9-4e0e-bfa1-53213eca3078,2026-06-22,4.906618595123291,10.0,90,100
ferrari rot,7091dd6f-c081-4b15-b001-cd849c412a0c,2026-06-17,4.871166706085205,20.0,80,100
Jasper Tygner,5cff6013-77c9-4bdf-94bc-0f4139ab2fb7,2026-06-17,4.860696792602539,0.0,100,100
Bas Dobbelaer,ee9f71c2-5a4c-4ef2-b50e-f445a88b1086,2026-06-17,4.858149528503418,20.0,80,100
Virginia,b245201e-594b-4201-95bf-f62362d1e822,2026-06-22,4.845879077911377,10.0,90,100
Riordan,84f58316-dc0a-4b73-ba37-b7c785f0d9f1,2026-06-17,4.845630168914795,0.0,100,100
LINSKA,905e2e71-562a-4eb0-a42a-140b3be5523d,2026-06-17,4.801942825317383,0.0,100,100
Tim Reaper,79832068-96ab-44bf-b141-52bb8708f69c,2026-06-22,4.786880970001221,20.0,80,100
LYLO,12b73671-0238-41b3-bc41-28ef50faf7f3,2026-06-22,4.746670246124268,20.0,80,100
ISAbella,f72e94ad-7877-4f7c-b46b-2329ef08fffc,2026-06-17,4.745304584503174,15.0,85,100
Enzo Siragusa,73d2ca20-de4c-4862-9705-d36e726acddd,2026-06-17,4.743834018707275,0.0,100,100
acidheaven,51b928c2-4957-41a7-a732-9bbf7ec37a5a,2026-06-17,4.722710609436035,20.0,80,100
Moxes,825fbfcf-c016-4b48-a1d3-45cac38ee534,2026-06-22,4.688930511474609,15.0,85,100
Gizem,ffca1a09-b1d0-4dd2-949d-f13937ed37d3,2026-06-17,4.633537292480469,10.0,90,100
Boris Acket,86fb10d5-d094-42b7-8352-f593a2dc21d7,2026-06-17,4.618316173553467,5.0,95,100
Rich NXT,aafac103-ae41-44fd-93b1-f97d0c35dc5d,2026-06-17,4.612276554107666,10.0,90,100
MALOU,24ec4888-64bc-4908-a727-bf7b2f726d99,2026-06-17,4.610428810119629,5.0,95,100
SWIM,901b9b4a-9115-4f50-9667-be8efcaac8c4,2026-06-22,4.597133636474609,15.0,85,100
Laurent Garnier,1f087d46-fa8f-477b-b676-15d101ef5cef,2026-06-22,4.550346851348877,0.0,100,100
Bashkka,9e232be2-a1b2-4eae-aa27-4f090c9df372,2026-06-17,4.546606063842773,0.0,100,100
Oscar Mulero,2e015c06-2aab-4df2-b282-111b5501c18b,2026-06-17,4.545975208282471,0.0,100,100
Lewis Taylor,53a84259-3891-451b-a8db-1e1fcf7528e2,2026-06-22,4.536461353302002,5.0,95,100
Franc Fala,fd043fb4-2dc6-4274-b968-2601dd8940ad,2026-06-17,4.509235858917236,0.0,100,100
SAMA,863e696c-6352-4e3f-a1f0-0c95bff6070f,2026-06-22,4.5032501220703125,10.0,90,100
Across Boundaries,8ca55ff1-1dbe-4d55-a447-361a79bf823e,2026-06-17,4.495575428009033,20.0,80,100
spikey lee,a4b87104-0bf8-4d37-99f6-fbb926340893,2026-06-22,4.48871374130249,20.0,80,100
Travis,6fc74d31-fc49-4c08-83e3-97b4aa59fc28,2026-06-22,4.477505207061768,0.0,100,100
Pablo Bozzi,2d814c15-fd12-4827-b155-b063d7a0d4c6,2026-06-22,4.451281547546387,0.0,100,100
Liam Palmer,fa9e9cb7-a87b-4a99-bea5-9884c42e3602,2026-06-22,4.403163909912109,5.0,95,100
dean turnley,b3793458-2224-4fd8-8ee2-d22fa65be440,2026-06-22,4.357283115386963,4.0,96,100
Reiss,eef590a6-0215-464d-9449-a05a1787d7e9,2026-06-22,4.35510778427124,20.0,80,100
Tjade,54b1700c-844a-422d-b1c3-68210d1491eb,2026-06-22,4.340606212615967,0.0,100,100
Dungeon Meat,cf3fcd7e-925d-4172-9137-b375ec86b0df,2026-06-17,4.305531978607178,20.0,80,100
Denver,6a4db3e0-daf1-4ab4-b937-a69ad00c494b,2026-06-17,4.295910835266113,0.0,100,100
THC,22f0363c-c772-4c2c-87ef-d5fc25f94bcd,2026-06-22,4.2897515296936035,15.0,85,100
Adriana Lopez,482eb3d6-6ff2-4304-b011-02a55e6ffc10,2026-06-17,4.255845069885254,10.0,90,100
Tafkamp,ff3ab721-0edd-463c-ae07-f7b1f1d25d54,2026-06-22,4.221528053283691,0.0,100,100
Hot Since 82,62a01427-8946-4de2-bcd8-2f2c30881c88,2026-06-17,4.170755386352539,0.0,100,100
Agents of Time,a51eac3d-05f3-451c-b715-f51ee47caac1,2026-06-17,4.144956111907959,0.0,100,100
Kamma,f37a2a9b-b48b-4156-9f09-bafd2b6304b5,2026-06-22,4.112427234649658,20.0,80,100
Dom Dolla,f8f5cbb3-6313-4416-ab59-3d22decef4e8,2026-06-17,4.0788750648498535,0.0,100,100
Mathew Jonson,1139ef6b-d8ba-4085-b434-8fc683d1d5b9,2026-06-22,4.069427490234375,10.0,90,100
Charmaine,6cd8ce82-d329-472a-b730-02617f34bf27,2026-06-22,4.049067497253418,0.0,100,100
AMORAL,d9342794-d33f-419f-8140-8d6b8f949cc6,2026-06-22,4.000078201293945,5.0,95,100
Madvilla,35107271-d607-4636-aa95-ce29ea8a5074,2026-06-17,3.9828405380249023,15.0,85,100
Luuk van Dijk,c0c64e2a-2b3b-4a67-a1b9-cb877f737c08,2026-06-17,3.9791009426116943,0.0,100,100
Decoder,3e3462cf-5e47-4109-8126-357a5f9cdf4c,2026-06-17,3.95589017868042,0.0,100,100
Cubicolor,7ea217a3-a8df-465f-9017-51b29f9c03ab,2026-06-17,3.9548144340515137,10.0,90,100
Vera Logdanidi,0a8381fa-2c2d-4c2f-b480-28972bab7e70,2026-06-22,3.9501376152038574,15.0,85,100
Setaoc Mass,868ffedb-2bdc-4182-9a93-7f964dd82316,2026-06-22,3.9389615058898926,0.0,100,100
Nacho,9930c393-1f70-4e73-96b7-ad10b6c696b6,2026-06-17,3.9267170429229736,0.0,100,100
Dan Shake,38a2ddb6-48e5-4dc4-876b-4c2b75c72908,2026-06-22,3.8299267292022705,10.0,90,100
Coast 2 Coast,cb3173b6-ec54-43b0-934b-53f60fd3b3b4,2026-06-17,3.8181774616241455,20.0,80,100
Retromigration,5b5f26b6-f434-4b6f-9567-528fccd12ba8,2026-06-17,3.8169608116149902,5.0,95,100
Amotik,f96b4b59-5914-426c-afd9-366762c0cf15,2026-06-22,3.748730421066284,15.0,85,100
Ruze,5ba9ce5f-49a7-4478-9c6f-229eeb7b5bcc,2026-06-17,3.7390823364257812,0.0,100,100
Layton Giordani,361b55c8-e538-4f61-a434-b660a80935d6,2026-06-17,3.7319748401641846,0.0,100,100
Max Cooper,2d47969f-184e-418a-acbb-701a98724431,2026-06-17,3.723971128463745,0.0,100,100
Djrum,d2c77d33-9e06-4ccb-97b3-7db3fe445e08,2026-06-22,3.650020122528076,0.0,100,100
YONES,efe453ae-b088-41a4-981d-4cd2386f402f,2026-06-17,3.6121668815612793,20.0,80,100
Sama Abdulhadi,46ebfb9d-e4ec-450c-b87d-06e6823ee3b8,2026-06-18,3.5905935764312744,0.0,100,100
Kerri Chandler,063e18db-914d-48e5-847d-c643f81c8157,2026-06-17,3.527048110961914,0.0,100,100
Joris Voorn,dd3288e7-3393-422c-8ce5-67bd4a2ddaf7,2026-06-17,3.5119285583496094,0.0,100,100
Marco Shuttle,d54b28b0-cda5-44d5-863b-845563ea2513,2026-06-17,3.455629587173462,0.0,100,100
KTK,7016dbbe-eecd-4720-8cfc-9d8886260f2c,2026-06-17,3.4185757637023926,15.0,85,100
Rene Wise,e1329285-a793-48ec-9305-929373cd8246,2026-06-17,3.398348331451416,0.0,100,100
Trikk,79bf47b5-c412-44c8-a624-27e639a8f5b5,2026-06-22,3.394913911819458,0.0,100,100
Celeste,afa87813-7e24-4e4c-bfaf-d8f9cf06a845,2026-06-17,3.317263603210449,5.0,95,100
DJ Red,27756453-16e8-431a-9709-93df923c825c,2026-06-22,3.3109326362609863,20.0,80,100
Quelza,30d2d03e-c1fb-45b3-9326-0bc28dda4159,2026-06-22,3.2759885787963867,0.0,100,100
Najel,48657dbc-d831-4fc1-a032-47b7e0a69f38,2026-06-17,3.1793930530548096,15.0,85,100
SALOME,1d169772-5877-4619-bd11-6122c5c44f9e,2026-06-22,3.157212972640991,0.0,100,100
HUNEE,026d12be-bc42-47f6-968d-b847bf32e26c,2026-06-22,3.1548588275909424,10.0,90,100
Surf 2 Glory,3e001297-2d86-42f2-b1df-de713408e4f3,2026-06-22,3.146012306213379,20.0,80,100
Eric Cloutier,2f96627e-fe08-484b-8bd7-2637612584a7,2026-06-17,3.134432792663574,0.0,100,100
Budino,121d17fb-63dc-490b-8e62-67814b503ab9,2026-06-17,3.1006593704223633,20.0,80,100
Grace Dahl,39e4cbd5-ba7a-482e-a3fa-e902b8d6b455,2026-06-22,3.0856406688690186,0.0,100,100
Kaufman,c4000178-84a8-494b-98a4-85a42e66565d,2026-06-22,3.079164743423462,5.0,95,100
Anthony Parasole,01fa9a25-ff92-4d4e-85d6-e9e191e4c6e5,2026-06-17,3.053709030151367,15.0,85,100
Supergloss,b58b5593-7f83-45d3-a166-a291325f10f2,2026-06-22,2.9759469032287598,20.0,80,100
DAF,34d96ec3-f3c4-46fd-8889-ba597c7e6225,2026-06-22,2.9607653617858887,0.0,100,100
HoneyLuv,6a2d4cc2-a3ea-4ec5-9873-569c9c7dbd84,2026-06-22,2.949951648712158,10.0,90,100
Georgia,2dcf258a-8a9e-495f-8566-c17934575b99,2026-06-17,2.860642671585083,0.0,100,100
Ben Sims,df74ca7f-dcb1-4b58-9f52-fc7778b3e6bf,2026-06-17,2.800863265991211,0.0,100,100
Adam Beyer,f9c896ba-3a67-4968-96af-aff8767deb45,2026-06-17,2.780972480773926,0.0,100,100
Phone Traxxx,bce5ba91-a919-4487-9342-c6a70c599c12,2026-06-17,2.731386661529541,20.0,80,100
Laidlaw,191d51f5-42e6-459e-a94c-b4594c44739b,2026-06-17,2.6862776279449463,0.0,100,100
Ø [Phase],008591bd-bf22-43d2-84a2-17db488ce13b,2026-06-17,2.683403253555298,15.0,85,100
Benjamin Berg,3dc3c6cc-3dcc-454c-baea-dc36250f3617,2026-06-17,2.6764848232269287,20.0,80,100
Benny Rodrigues,fcd20571-9d54-4bdb-8b92-df26af4e08a5,2026-06-22,2.672657012939453,5.0,95,100
cap,5374842f-e77d-4783-8d21-d631a1a743ef,2026-06-17,2.666356325149536,20.0,80,100
A Strange Wedding,95993a6a-bc14-47a4-987b-eec270eb6a97,2026-06-17,2.656653881072998,20.0,80,100
Josh Baker,5a43ad81-d338-4bc8-bcef-cac7a5a2fe03,2026-06-17,2.6197245121002197,0.0,100,100
Firdjel Medar,e6cc9bac-b63b-47bd-a250-6072c656295f,2026-06-17,2.6149463653564453,20.0,80,100
Dimi Angelis,e184ed4d-6266-4caa-80e3-2f6f769c1c72,2026-06-17,2.581587553024292,15.0,85,100
Daniel Monaco,6ceed91c-369f-4f6b-bcdd-0b80913db525,2026-06-17,2.567875623703003,0.0,100,100
Mietze Conte,aa0b357d-efa4-4ded-bf3b-80671736df98,2026-06-17,2.540555000305176,0.0,100,100
Daphni,62fad306-fce5-4717-8d14-e70202696dc9,2026-06-22,2.396653890609741,5.0,95,100
Speedy J,2eace940-b54d-4795-8a2e-ca3d677ee915,2026-06-22,2.3745949268341064,0.0,100,100
Temudo,73829004-c2fa-4846-94e5-d04991535ab9,2026-06-22,2.345578908920288,0.0,100,100
Luke Slater,c1648219-4201-48c8-8257-3cab9a48aab6,2026-06-22,2.2593541145324707,10.0,90,100
Cinnaman,43552009-1fa4-4b2c-b740-a5e7d6fd8050,2026-06-17,2.2591583728790283,0.0,100,100
Major Lazer,dca3f330-6cb1-4e65-b1da-34385d8eaac7,2026-06-17,2.2558255195617676,0.0,100,100
Isabel Soto,b8ceb8bf-eab4-4544-96df-b76a7f60c6fc,2026-06-22,2.242570161819458,0.0,100,100
Barker,7e04635f-b143-4194-881e-1070bb3feabe,2026-06-17,2.220681667327881,5.0,95,100
Michael Bibi,8b2a8d2d-b05c-4f3d-b64c-0fac3f4be96b,2026-06-17,2.207988739013672,0.0,100,100
PRUNK,25c8d449-d616-4d66-8bc1-33b5891f2417,2026-06-17,2.1829922199249268,5.0,95,100
Skee Mask,73144567-acd8-4ac1-ac35-db371dab4e71,2026-06-22,2.159756660461426,5.0,95,100
Wodda,c39edd89-1976-478d-bc6a-898e1c601d23,2026-06-17,2.1267800331115723,20.0,80,100
Denis Sulta,304b7b40-1b62-4a77-a0ae-34eae7a919c4,2026-06-17,2.1246421337127686,0.0,100,100
Move D,79c04a97-8e84-48a5-a90f-32cf414022e0,2026-06-22,2.1109957695007324,5.0,95,100
Kendal,545aa1bf-3eb4-4ec5-8408-ea96063779cf,2026-06-17,2.106823205947876,0.0,100,100
Dixon,16d8c9ea-4950-4626-b746-2695e975c41c,2026-06-17,2.0973398685455322,0.0,100,100
Massano,3131971a-b74c-4347-bc5d-34dab88e132c,2026-06-17,2.0689918994903564,0.0,100,100
Oliver Huntemann,a4fb34d5-7c32-4261-adb1-e8f2118496ac,2026-06-17,2.0676348209381104,0.0,100,100
Courtesy,8905e068-b32c-4baf-81b4-4ec0065453c4,2026-06-22,2.033477783203125,15.0,85,100
Ben Klock,b060bc11-8dce-475b-8f3f-f1b16f4b9001,2026-06-17,1.9918510913848877,0.0,100,100
Roza Terenzi,77aa4dcf-7d33-4044-a0ff-6a65bcf508fe,2026-06-22,1.9913945198059082,15.0,85,100
BLOND:ISH,e30f5a80-806b-411b-b7c9-f30b1c7e5967,2026-06-17,1.977606177330017,0.0,100,100
Parris,05edeaed-464f-4e08-b211-02f8bb3babff,2026-06-17,1.9692614078521729,0.0,100,100
Danielle,bb64dcdc-3577-4bc4-ac0c-78f0a00eea93,2026-06-17,1.9460810422897339,20.0,80,100
Young Marco,0183a5df-6ab2-4c0f-899f-ac3da54ff5ad,2026-06-18,1.8994477987289429,5.0,95,100
Rosa Red,e09a1e9c-dfe5-4c1d-9467-03b802d2f6dd,2026-06-22,1.8804433345794678,15.0,85,100
CVNTS,e879c573-dd7e-4a9e-b91b-0276c6515fd8,2026-06-17,1.7969553470611572,20.0,80,100
Christian AB,4c1ebd49-1d0b-4b9a-8ed2-7a506db5e990,2026-06-17,1.754529356956482,20.0,80,100
Bradley Zero,30385655-ec1b-48cd-9c49-3c16aba74fc5,2026-06-17,1.7217063903808594,30.0,70,100
Pariah,e71e832f-6f52-4bbc-9f16-d4d47cd9d200,2026-06-22,1.6963906288146973,10.0,90,100
Charlotte de Witte,472a109c-c4d9-451a-aec9-28f47b2a1304,2026-06-17,1.671379804611206,0.0,100,100
DART,964dc89e-a3cc-49a6-9ca6-f5880a63e4fd,2026-06-22,1.6222150325775146,20.0,80,100
Aaron J,097ad56b-1b0b-47a1-8566-8049fc1dff51,2026-06-22,1.593303918838501,10.0,90,100
Arthur Rober,e5b80de9-df88-4d57-961e-55debf5dc848,2026-06-17,1.5613187551498413,35.0,65,100
Cybersex,1011fab8-a9e8-472c-9844-0037ccd570e5,2026-06-17,1.5574318170547485,20.0,80,100
Maceo Plex,d490f366-3dab-4011-aa48-dbea5cb89582,2026-06-17,1.5404207706451416,0.0,100,100
Danilo Plessow,2681c3db-0ecf-40cb-b2ab-5850ce4b7aad,2026-06-17,1.5011968612670898,0.0,100,100
22 Interns,7486c830-0c37-4e67-a36b-938c414450b7,2026-06-22,1.4677094221115112,10.0,90,100
Essets,6a09e9cd-b222-4f9e-baea-2fc563155a01,2026-06-17,1.435327172279358,0.0,100,100
Verity,ccf95899-8965-4111-9df5-264a57859d9c,2026-06-22,1.4125021696090698,20.0,80,100
SAMOH,1966937c-b19e-495e-84b8-021057fa66d7,2026-06-22,1.3777713775634766,10.0,90,100
FAFF,4db796c6-65dd-4ee2-956e-5d381a9c26ba,2026-06-17,1.371591567993164,20.0,80,100
JEANS,9f272433-f1b3-4f61-a239-69b0b64d1733,2026-06-22,1.3299329280853271,0.0,100,100
Giles Peterson,8109cd0a-f15b-4223-b8a3-887491df8e68,2026-06-22,1.3046658039093018,10.0,90,100
Desire,79d4fbe5-886d-4735-a1df-95e175f88277,2026-06-17,1.2851204872131348,5.0,95,100
Bauernfeind,3c126d5a-b083-4f19-bb95-6b4c51bf71de,2026-06-17,1.2675212621688843,0.0,100,100
Yoojung Kim,4c66cd4c-9af4-4b38-a6da-4dd709e0022b,2026-06-22,1.2563002109527588,20.0,80,100
Boris Werner,2a0dac22-8faf-468f-b692-376a8dc4836d,2026-06-22,1.2473828792572021,15.0,85,100
DJ Spit,21487d28-eaa4-45de-8cdf-fce06c0e8476,2026-06-17,1.243159294128418,20.0,80,100
Kikiorix,4c1449d0-bf2a-4839-9da0-74fd937125a4,2026-06-22,1.207884430885315,0.0,100,100
Lilya Mandre,bdf14cf9-daa5-4dea-b568-c30615956d13,2026-06-22,1.1989187002182007,5.0,95,100
Dasha Rush,e4469050-c0b8-484a-aa53-10c90def2b2a,2026-06-22,1.1494417190551758,10.0,90,100
Kaiser,77cf6993-0c18-4abc-ba77-201019c2a2fd,2026-06-17,1.1201181411743164,10.0,90,100
Function,aab0380f-ef43-491a-ab9d-0a5b95bb1920,2026-06-22,1.0977442264556885,0.0,100,100
Prance,be63acca-f238-46a5-94ca-c5de1b58464f,2026-06-22,1.0963728427886963,20.0,80,100
Developer,5dd62568-60a1-4865-b619-dd2dc2a4cd5d,2026-06-17,1.0762362480163574,15.0,85,100
D.Tiffany,be50051e-26cf-411b-b510-928ef808306f,2026-06-17,0.9203340411186218,20.0,80,100
Hidde van Wee,a455659e-2311-46e8-b5cd-5fb778bd0cb8,2026-06-17,0.7504768967628479,10.0,90,100
DJ Pete,7951d558-70b0-4629-af48-e050adbcddb8,2026-06-22,0.7468369603157043,20.0,80,100
Recondite,7beff145-56d3-4821-8a8a-9428da419ada,2026-06-22,0.7357358336448669,0.0,100,100
Rob Black,5756f9ee-6274-4005-a7d4-1f3061171bd1,2026-06-22,0.7210813164710999,15.0,85,100
TSHA,9ad15e89-480e-4c37-81c9-90bec37995d9,2026-06-22,0.6970323920249939,0.0,100,100
Lyrae,04fe97e9-f835-443f-a735-5fa1c94542db,2026-06-22,0.6785030961036682,20.0,80,100
Jimi Jua,e46cf9e8-155c-4980-8ed4-7801adae8320,2026-06-17,0.6668114066123962,0.0,100,100
Kerrie,8baf59a6-c983-479b-8ace-b934961491f0,2026-06-22,0.6625075936317444,20.0,80,100
Paula Temple,eda4ee81-2446-42f5-b912-c8b5f2f438d2,2026-06-22,0.6175137162208557,0.0,100,100
Leon Vynehall,626b0d26-f847-41c3-b2db-7091cacc123f,2026-06-22,0.45100387930870056,0.0,100,100
Bontan,0b6b4fee-618e-4740-8b7e-e4a3e65ea8a4,2026-06-22,0.4485042691230774,0.0,100,100
Rozie,77995308-5533-438b-92a8-f3e6053129bd,2026-06-22,0.2710408866405487,25.0,75,100
Cynthia Spiering,7295c07a-7aa3-4fbd-9965-6f21fad56a2a,2026-06-17,0.208124041557312,0.0,100,100
Mbé,0b782157-622b-420f-b340-d176a7632a7e,2026-06-17,0.20376360416412354,20.0,80,100
Chris Stussy,59ce8d39-a5f4-4bff-be9b-eed70787d24b,2026-06-17,0.18150277435779572,0.0,100,100
ROD,be15302f-3d9b-4f9a-8181-8bca06c3db29,2026-06-22,0.05517498403787613,25.0,75,100
Andy Garvey,5b87895d-9519-46e3-a578-46ef719b08a1,2026-06-22,0.030287159606814384,0.0,100,100
Paige Tomlinson,ebba3b3f-652d-40c1-9828-6080a2ca921c,2026-06-17,-0.017578791826963425,15.0,85,100
Jamie Jones,befb94f7-1be8-4d4e-a962-b2d456f12ffa,2026-06-17,-0.022809404879808426,0.0,100,100
Helium Vola,a86f601f-f0b5-4034-9a70-cadeaf1d5605,2026-06-17,-0.025494471192359924,20.0,80,100
Victor Ruiz,f8d8c3ac-a6fb-4956-84e4-2368233003f8,2026-06-22,-0.030944108963012695,0.0,100,100
Robert Hood,571c2c62-d514-47f8-af62-a9cd8d176a52,2026-06-22,-0.06365223973989487,15.0,85,100
Curses,9f6bc49d-b857-4dd6-8d4b-d982abd69e6e,2026-06-17,-0.07232381403446198,0.0,100,100
Da Mouth of Madness,449450e9-ac8e-4aa0-9323-eb2b84e09652,2026-06-17,-0.0829673632979393,0.0,100,100
lucia lu,3b1e6e10-047a-4650-b44f-30622a2b0d0c,2026-06-17,-0.1154296025633812,20.0,80,100
Swimming Paul,da09ab38-ce7f-4844-ac64-8dfef9d27fff,2026-06-22,-0.21467909216880798,0.0,100,100
Franky Rizardo,04f7846c-4dca-48a6-9ca5-2fd638420018,2026-06-17,-0.2694702446460724,0.0,100,100
THELMA,d2190035-2edc-434f-b787-70d514cfd886,2026-06-22,-0.30493733286857605,20.0,80,100
Boys Noize,ded14d34-683e-4747-a4b1-cca14f767577,2026-06-17,-0.37461724877357483,0.0,100,100
Musclecars,7f2f1e0b-d260-4d60-b225-9274610f20c5,2026-06-17,-0.3829750418663025,15.0,85,100
Rebuke,fec88fa1-960f-4e58-96e2-92b4fe386f91,2026-06-22,-0.454187273979187,0.0,100,100
Karel,447e3967-4078-436c-8396-6489524de0ba,2026-06-17,-0.46213197708129883,20.0,80,100
Us Two,df3c4f5c-1d7a-4ebf-a47a-b092b24a7a6b,2026-06-22,-0.4908748269081116,0.0,100,100
Floorplan,ad38d993-cd6d-4d04-8a8f-b82b00150595,2026-06-17,-0.5207576751708984,5.0,95,100
Julia Maria,6398381b-c761-4a7d-8e3b-94109720e639,2026-06-17,-0.8235167860984802,30.0,70,100
Merve,3c77920b-8778-44dd-a2c2-38eef9ea7034,2026-06-17,-0.868276834487915,25.0,75,100
Marcel Dettmann,722f1cae-b253-43ca-bdd9-eec044d5b544,2026-06-22,-0.8875992298126221,0.0,100,100
Oberman,4bce87d2-2ae2-458c-8ebb-f774152431ff,2026-06-17,-0.9120446443557739,20.0,80,100
Swarobski,ac30f73e-271e-48b1-b794-a325312d480a,2026-06-22,-0.9350680112838745,20.0,80,100
Marlon Hoffstadt,2530837e-deb8-4659-8f36-0697bb7d240c,2026-06-17,-1.0023480653762817,0.0,100,100
Roger Gerressen,c42c692e-cf1e-48ab-b28a-9e817a40ea6d,2026-06-17,-1.069456934928894,0.0,100,100
Roger Geressen,bfb9217c-b1de-4e61-8953-a3606c6b1bb1,2026-06-17,-1.069456934928894,0.0,100,100
Olympe4000,63c62282-7d5e-4893-998c-70ed658175ea,2026-06-17,-1.1366759538650513,0.0,100,100
Alarico,1d11ad04-2481-4323-b359-5a51c60acad1,2026-06-17,-1.2933608293533325,0.0,100,100
Chrissie,936180f4-af50-4d11-b69b-d86294a19b35,2026-06-22,-1.3058083057403564,20.0,80,100
Richie Hawtin,1f3556d6-2f55-4327-bc4f-4c5e1cf13532,2026-06-22,-1.37943696975708,0.0,100,100
Matisa,8fbe8d7f-0435-4f23-8efd-cd2fd341ca46,2026-06-17,-1.43671715259552,20.0,80,100
Kybba,096a454b-2673-4677-928d-77c8071edb91,2026-06-17,-1.496563196182251,0.0,100,100
Laura BCR,55c52f48-feb9-44ea-bce6-c24b212c7359,2026-06-17,-1.5225640535354614,0.0,100,100
Max Dean,a4949ad5-2f53-4fdb-b91a-29d9aefe7129,2026-06-17,-1.5764349699020386,0.0,100,100
Djeff,13138eb8-2c84-4246-8ae8-90dd43d602d3,2026-06-22,-1.6992499828338623,20.0,80,100
Mall Grab,abbc88dc-7edd-4139-aabf-6c6ba7b82088,2026-06-17,-1.705554485321045,0.0,100,100
Jesse G,8d9718f6-2cfc-40be-b4cd-274cac4f0553,2026-06-17,-1.7875062227249146,20.0,80,100
Shanti Celeste,6c063bad-62e4-4362-86d0-82319d139c9f,2026-06-22,-1.792795181274414,0.0,100,100
Chontane,be64fe8c-c669-45f2-ad7e-d8f7c5bcd5b7,2026-06-22,-1.86829674243927,5.0,95,100
LevyM,76ba0483-97b7-4084-87f5-932b48241813,2026-06-22,-1.8768188953399658,0.0,100,100
Marco Faraone,07baf251-781b-4550-9441-c8450e855d9f,2026-06-22,-1.9661084413528442,0.0,100,100
Donato Dozzy,1bede23f-27cf-46c1-bcc8-b453ce1a479c,2026-06-17,-2.078650712966919,0.0,100,100
Alci,979ef4c8-c171-4cc3-b2c2-afe58aa5680d,2026-06-17,-2.1505579948425293,20.0,80,100
BLANKA,01402c1b-59e1-4027-90b8-59d2389bd1dc,2026-06-17,-2.2479450702667236,5.0,95,100
Malika,c23f4669-bcde-469c-bdd1-4280df62da83,2026-06-17,-2.2483153343200684,4.0,96,100
Baraka,98b9718f-b025-4aba-a936-aba1839a99bb,2026-06-22,-2.357985496520996,10.0,90,100
Essy,d7750057-798b-4c08-84d9-38f17c5a534c,2026-06-22,-2.528097629547119,0.0,100,100
Ferreck Dawn,d6a8e189-8268-4bdc-8423-1e5976f01b79,2026-06-17,-2.5625534057617188,0.0,100,100
Dennis Quin,c49ae3bf-649b-4f99-a048-6414396d8d71,2026-06-17,-2.6469507217407227,0.0,100,100
Diffrent,8d3045c2-4551-4290-a5fc-4b8f20cc433c,2026-06-22,-2.6475753784179688,0.0,100,100
MoBlack,3ff7cb89-45bf-4455-a1bf-755a307c0be1,2026-06-17,-2.6495416164398193,5.0,95,100
Mano Le Tough,4eec4787-0e95-4f47-b16c-4a590aec25eb,2026-06-22,-2.6959476470947266,0.0,100,100
ANOTR,98e94dac-cd5e-41c6-bd97-3db4669cb238,2026-06-17,-2.759054183959961,0.0,100,100
Abstract Division,91a11ca6-1b20-4c48-ad16-f8cd9c7d7b08,2026-06-22,-2.777364492416382,0.0,100,100
REZarin,268f36a1-3f0c-4832-9308-21317f81c038,2026-06-22,-2.896958589553833,0.0,100,100
Costanza,a6368d4a-650e-494f-a630-f0b562f4cea2,2026-06-17,-2.953465223312378,15.0,85,100
Garcon,4f6b7fc2-4c95-4f8b-8649-c333358eea4a,2026-06-17,-2.972782611846924,20.0,80,100
Parrish Smith,82c2b1cb-c583-4c3b-97f1-3ead2495e7e0,2026-06-22,-3.075624942779541,0.0,100,100
DJ Kampire,0d07a4cf-5a2b-4b80-9e20-9b0d454ecd5f,2026-06-22,-3.0808792114257812,25.0,75,100
KUKU,ca947d72-3fac-4914-ac30-c2088c24dabb,2026-06-17,-3.082242727279663,25.0,75,100
BIIANCO,a5d4fe58-d41b-475d-af75-8744b1e6c2cf,2026-06-17,-3.1240367889404297,0.0,100,100
S3PPA,950ec606-a065-424a-ab33-2bc1a964b40d,2026-06-22,-3.3194801807403564,20.0,80,100
Human Space Machine,2d9e32db-d359-4cee-9dd4-5110a327da41,2026-06-17,-3.5167839527130127,20.0,80,100
Bibi Seck,49e3a01e-0838-4259-8d80-97038bce291c,2026-06-17,-3.5721030235290527,20.0,80,100
Monophonik,0060a792-4cf2-4fce-8f9c-d5af5a5fde4e,2026-06-17,-3.6016645431518555,20.0,80,100
Cloonee,d68e06ce-e0de-482b-a6ea-b57cad6b5482,2026-06-17,-3.6567020416259766,0.0,100,100
Honey Dijon,9e1408ad-a51b-4e8c-9d4b-5d0fe135de7a,2026-06-17,-3.703993082046509,0.0,100,100
L.P. Rhythm,773c7685-0094-46ca-ad11-58b2a57e8699,2026-06-23,-3.716514825820923,18.0,82,100
Bart Skils,4be160fb-4014-46ce-8287-3acf074696c9,2026-06-22,-3.7942004203796387,0.0,100,100
Anz,0f7a7d8f-36ab-4e3e-bf45-04d97b209a53,2026-06-17,-3.795940637588501,0.0,100,100
Juliana X,3edf9e6a-9a05-4027-a52f-7c65e8d0e057,2026-06-17,-3.798855781555176,5.0,95,100
Sam Alfred,cbdca604-cd0d-422f-b17f-a2640b6863b1,2026-06-22,-3.798884391784668,0.0,100,100
Max Styler,8431c7f7-bd6d-43de-930b-af3d5484afbd,2026-06-17,-3.8039867877960205,0.0,100,100
Beatrice M.,bf5f2a80-26e0-404a-b052-635e53bfc0f0,2026-06-17,-3.8729588985443115,15.0,85,100
Andy Martin,6e52d51a-8dde-40b4-82ac-323c70ba0f55,2026-06-17,-3.933873176574707,5.0,95,100
MARRØN,409a8f52-4f23-448f-b00b-6ace73a01b9e,2026-06-17,-4.092143535614014,0.0,100,100
Mila Black,b5f0996d-b0a9-494a-8875-14dbf65ca86e,2026-06-22,-4.263376235961914,30.0,70,100
Audrey Danza,ae5f40f2-8089-47d6-8a39-e43cf8683ba2,2026-06-22,-4.384519100189209,20.0,80,100
Superstrings,7cd93b2a-b4da-43d7-b274-66ae95bfbb8f,2026-06-22,-4.710788726806641,10.0,90,100
Antonio Ruscito,f9803ac7-7049-489a-aef0-ae9c3170dc3e,2026-06-17,-4.730864524841309,20.0,80,100
HAAi,0ceeaa46-b2f9-47ff-a5dc-b7b0c0470678,2026-06-22,-4.757866382598877,0.0,100,100
Seb H.,53c52f46-36c3-49aa-864f-45c765c3aff6,2026-06-22,-4.922759056091309,20.0,80,100
bad boombox,0eeadecd-09b9-44ca-a8b9-f863566de0bd,2026-06-22,-4.975888252258301,5.0,95,100
Job de Jong,0c138952-e8e3-415f-9469-b1c84cc09124,2026-06-22,-4.981977939605713,0.0,100,100
Selene,477e49e7-f78b-4c80-b2cc-677ebeac882f,2026-06-22,-5.185464382171631,5.0,95,100
Pegassi,bdd74cf9-1a4e-4c78-b051-cb8af5fdb455,2026-06-17,-5.203472137451172,0.0,100,100
Lin C,1fe14843-573b-4a4c-8c6d-2d15c905fd18,2026-06-22,-5.283666610717773,20.0,80,100
ace of demons,f715a4fe-6969-4523-9c30-829ac3c9f152,2026-06-22,-5.30625581741333,20.0,80,100
Samuel Deep,23dc4962-5a14-4263-809c-cb51dbef5d35,2026-06-22,-5.317811012268066,0.0,100,100
MYRA,0a4d4afd-787a-4d93-9e36-42346220a05a,2026-06-22,-5.337721824645996,5.0,95,100
BSS,21678c95-3abd-4551-aed1-c822ebadbd4f,2026-06-17,-5.369232654571533,5.0,95,100
Peach,f800d18d-3296-4db8-a17c-385b682ce03c,2026-06-22,-5.554969310760498,15.0,85,100
Weska,e752e66a-622a-4fc8-b5dc-1cc2fad87f61,2026-06-22,-5.581456661224365,10.0,90,100
Megan Leber,e94827ca-960b-4e68-aec5-a1efff01bdd6,2026-06-22,-5.5918450355529785,20.0,80,100
Jasmin,7f2208a6-1d40-4c37-bd67-31433caf2b43,2026-06-17,-5.636527061462402,5.0,95,100
Mia Cecille,9bb12656-f85b-4801-bea0-34a6903fb074,2026-06-18,-5.835765361785889,20.0,80,100
Portrait XO,b971b2fd-5b7e-4b71-9c3e-de70ce3b13c7,2026-06-22,-5.901093482971191,25.0,75,100
Andrea Oliva,0790cfd9-448f-4819-8dd0-1c1a4ad468b2,2026-06-22,-5.960169315338135,0.0,100,100
P.E.A.R.L.,3272d9f0-34e2-40f5-b510-ef0989aafa1a,2026-06-22,-6.024842262268066,20.0,80,100
Among trees,3256db1f-3910-43ab-87b0-95d91027ab9c,2026-06-17,-6.052326679229736,20.0,80,100
Weval,08b2924b-2059-4699-ab80-81298c103c7a,2026-06-22,-6.062307834625244,0.0,100,100
8Kays,f43b05fe-e658-418a-909a-5b239b82eb0c,2026-06-22,-6.100203037261963,0.0,100,100
Sweely,1e15ff5b-b50f-474a-b93f-03d1ed7276c4,2026-06-22,-6.119595527648926,10.0,90,100
PAWSA,422ed12b-4ccb-479d-bfb8-1d39fdc44554,2026-06-17,-6.215892314910889,0.0,100,100
Laolu,dae61f36-65c0-45e5-917e-af0cd07cd8a5,2026-06-17,-6.229569435119629,10.0,90,100
Xiaolin,afaf9afa-70da-428b-8df3-6d78c49890e6,2026-06-22,-6.248838901519775,20.0,80,100
Pan-Pot,db8b7c97-cbf2-4c1a-af6d-4975948aa9c2,2026-06-22,-6.25486421585083,0.0,100,100
Esi,b126b4ea-2d76-4aae-a404-ab630d4aebb1,2026-06-17,-6.337446689605713,20.0,80,100
Steffi,45a48016-7868-4248-b682-5a72cc1cc5b2,2026-06-22,-6.461575031280518,0.0,100,100
Thomas Bangalter,dd3d9cb9-980e-40df-9e6e-237957ecbe2c,2026-06-23,-6.551843643188477,0.0,100,100
Mind Against,8f734407-68e2-4e46-b6a2-1f1abf16e9fb,2026-06-17,-6.607570171356201,0.0,100,100
Lakuti,ddd13d73-ddb0-42b4-95d3-e0cb39f40784,2026-06-22,-6.649224758148193,20.0,80,100
Loods,5c0e47e7-d46f-45b6-a959-0060c9257057,2026-06-17,-6.7731122970581055,0.0,100,100
Miamor,aa439ca8-3147-410e-aa97-486600db11b3,2026-06-17,-6.932969093322754,30.0,70,100
Jenny Cara,88e4b999-62b4-43df-89d5-9cdd53470970,2026-06-17,-6.967557430267334,20.0,80,100
Rossi.,9fd3bad4-ae24-4106-b031-041150557d65,2026-06-17,-7.261852741241455,0.0,100,100
Patrick Mason,13dfb480-1b11-4f40-8cb7-8c6a7a0da9b1,2026-06-17,-7.2627716064453125,0.0,100,100
Emmz,aee30874-8162-4077-b76d-2242af7dac50,2026-06-17,-7.5618791580200195,20.0,80,100
Luna,731b326f-da24-4bfd-99f0-12da4dc26b90,2026-06-17,-7.790736675262451,0.0,100,100
BIANKA,f3f7a916-82b8-4122-9783-fafa54f0decc,2026-06-17,-7.878598690032959,5.0,95,100
ALISHA,2fec3913-3731-4ada-a046-10dec3d385fc,2026-06-25,-7.948304653167725,0.0,100,100
D'Julz,6dd1656e-7793-4715-bff1-e5a58a0155a9,2026-06-17,-8.234451293945312,0.0,100,100
Brandfee,17a748bd-5e36-4786-b7df-949475c2dbcd,2026-06-23,-8.27615737915039,0.0,100,100
Makam,166923a0-eaf4-4d14-8451-a03176cea14c,2026-06-17,-8.297797203063965,20.0,80,100
Stef Davidse,e71552a0-e4e4-4248-876c-74add115144d,2026-06-17,-8.300687789916992,5.0,95,100
Vanille,4531c193-159d-4248-b52e-d60aff73dd2d,2026-06-22,-8.422155380249023,0.0,100,100
Mordi,b0bcda2f-f048-4528-87ee-dbc26ff2b979,2026-06-17,-8.42883014678955,15.0,85,100
Jensen Interceptor,1093918c-6798-433d-8895-d3e71c8d5968,2026-06-17,-8.438446998596191,10.0,90,100
Luna Ludmila,ec20ae16-798b-474c-83e2-79de5f299ac8,2026-06-17,-8.451395034790039,20.0,80,100
DJ TOOL,f501f4ea-f785-4bcd-81c8-5a775518cbd8,2026-06-17,-8.588976860046387,20.0,80,100
Gerd Janson,5e22d5fa-92c2-4bd5-86d4-211dedadad74,2026-06-17,-8.632474899291992,0.0,100,100
Kleo,9e0a3b79-15a5-4672-bd20-db691bd17635,2026-06-17,-8.756221771240234,5.0,95,100
Jane Fitz,215045f8-9478-4acb-97c8-19adc9fca193,2026-06-17,-8.988761901855469,30.0,70,100
Colyn,09a29153-3b2c-44fe-987c-4ad77bb5e0e6,2026-06-17,-8.994970321655273,0.0,100,100
angelboy,70d84518-e971-458f-aba4-e605174932db,2026-06-17,-9.05948543548584,10.0,90,100
Feral,cf4de4a0-aaf4-4376-9fc0-b18f3c52ae24,2026-06-22,-9.140743255615234,5.0,95,100
Larry de Kat,35884996-64d7-4a4f-b999-ede594ef49f1,2026-06-17,-9.184741973876953,20.0,80,100
Planetary Assault Systems,3e2da955-475c-414c-bbe4-11cbd75f4b06,2026-06-22,-9.299720764160156,5.0,95,100
Woo York,b8e23d51-c56e-4495-ba3f-2601f751814e,2026-06-22,-9.308927536010742,0.0,100,100
Roi Perez,fc20e85a-db70-4260-aecc-c7fabf6a99dd,2026-06-22,-9.3402681350708,10.0,90,100
Garrett David,cbb67d8a-61b4-4a3b-9abb-6be65d2eea48,2026-06-17,-9.693584442138672,20.0,80,100
Malindi,b59e3b44-256a-41f7-b0dd-32bcca618066,2026-06-17,-9.706040382385254,25.0,75,100
Kaidi Tatham,e71cabcd-f236-45bc-925f-4d6f5581e5be,2026-06-22,-9.815912246704102,0.0,100,100
Kepler.,7273a447-fa50-471d-8e09-a5dc9a20d52f,2026-06-17,-10.012979507446289,10.0,90,100
freddy k,32e420cc-23a0-4b3e-9675-1d326084c5ac,2026-06-22,-10.315370559692383,20.0,80,100
Elliot Schooling,1e5ebda5-0463-4b69-a3ec-15999e21ebdc,2026-06-17,-10.385641098022461,5.0,95,100
X-COAST,e7938ca1-342b-4912-989c-5ac997f6c7b3,2026-06-22,-10.567869186401367,0.0,100,100
Yulia Niko,071bd0b5-6db3-4874-b976-7adee5aad959,2026-06-22,-10.623910903930664,5.0,95,100
Funk tribu,acf528ca-3ad9-497c-a255-71ed0fc2bbd7,2026-06-25,-10.68697738647461,0.0,100,100
Schwesta P,64c44625-f736-4c21-b3b6-cfd2d4151783,2026-06-22,-10.761587142944336,0.0,100,100
Automatic Writing,4cb0e4e8-76ac-46ec-8b96-55c6a3a15423,2026-06-17,-10.802364349365234,15.0,85,100
u.r. trax,c4ce799c-a10f-494a-ab51-3b5d48ffdfb1,2026-06-23,-10.910205841064453,0.0,100,100
Sandrien,f17a4b9c-f9e4-4f2f-9a45-b90d4d8b5583,2026-06-22,-10.965035438537598,25.0,75,100
Merel Helderman,2fab60ca-0e15-4ad6-be26-fa6f0238401e,2026-06-17,-11.076019287109375,20.0,80,100
CRYME,65cdf93d-045a-47cf-9451-003cd0b3e6da,2026-06-17,-11.259410858154297,35.0,65,100
Victoria De Angelis,45d538ff-29dc-418f-b116-f58e7088e8de,2026-06-22,-11.606343269348145,15.0,85,100
Cinema Royale,383e0e31-5129-4612-afa9-556262e3279c,2026-06-18,-11.64340591430664,10.0,90,100
Liane,b1296286-5846-4c71-9420-8bbfb880137f,2026-06-22,-11.734490394592285,20.0,80,100
Inoz,9f7402ea-a99d-411f-8e18-74940e82f0e1,2026-06-17,-12.219694137573242,30.0,70,100
Vince,d153fb3a-aa63-42e9-9735-bfcd3b51b36b,2026-06-17,-12.404109001159668,5.0,95,100
Sugar Free,c0636b68-13b2-4c64-8b8c-5f8e812adc11,2026-06-22,-12.658470153808594,15.0,85,100
Bambounou,b77657d1-286e-45a8-af98-35720d94e003,2026-06-22,-12.916693687438965,0.0,100,100
Nick Curly,44a46f7c-b50b-43c1-8f47-ab04a448a559,2026-06-17,-12.94433879852295,10.0,90,100
Alexandria,350885ea-ff6a-4d31-a41d-e0600e1f5021,2026-06-17,-13.124815940856934,14.000000000000002,86,100
obscure shape,5ad2ea57-e4e9-4cc1-9e2b-bd31c5eb9047,2026-06-26,-13.140459060668945,0.0,100,100
Kim April,2225a597-ef17-44a9-a43e-61dd7693767c,2026-06-17,-13.506185531616211,20.0,80,100
bebe bad,e9ec6ac0-7f3f-4361-a254-8b3c8a0843f1,2026-06-22,-13.538408279418945,15.0,85,100
Prins Thomas,b29f3318-a2b9-4cd9-afac-431f03d1a3bd,2026-06-17,-13.82138442993164,0.0,100,100
Shonky,f426d957-0437-440a-bf35-e5da80927a5f,2026-06-22,-14.103354454040527,0.0,100,100
Tasha,db3b5345-af32-4009-a640-30f846d96708,2026-06-22,-14.156383514404297,0.0,100,100
Interpol,8b4fda87-6b58-4f5b-aed4-c8847caddd62,2026-06-17,-14.388936042785645,0.0,100,100
Satoshi Tomiie,1aead0cf-20fd-4ba1-bea2-a2981415a1fa,2026-06-22,-14.441654205322266,0.0,100,100
Ignez,38f77621-6981-4630-b77d-47afab2a6782,2026-06-22,-14.612418174743652,0.0,100,100
Serti,0ff223af-f867-4ac5-8c5f-25f1408b63c6,2026-06-22,-14.856109619140625,20.0,80,100
Faster Horses,6ea91f45-f9fa-4ea4-827c-125200ba826f,2026-06-22,-14.941861152648926,0.0,100,100
FJAAK,70cae860-7f2e-42b8-9034-bc61e0d9946c,2026-06-22,-15.169431686401367,0.0,100,100
Morgan,7b09e912-49f9-4170-82d6-fe7a5a9373e7,2026-06-17,-15.469839096069336,2.0,98,100
ØTTA,cced20a5-e08d-42b9-9266-d1c412659dee,2026-06-17,-15.517325401306152,15.0,85,100
Robbie Doherty,6e44149c-a0b1-451d-bda4-3f645364c07f,2026-06-24,-15.702319145202637,0.0,100,100
DJ Maria.,df766c0c-041a-48b5-a4c0-ddf1bb889825,2026-06-17,-15.788660049438477,20.0,80,100
Sellout,f2fd0bfc-b68c-4755-be54-0f76a229fcb0,2026-06-22,-15.803223609924316,20.0,80,100
Dyed Soundorom,9df539e8-35e3-4823-a345-f8d4db75e895,2026-06-17,-15.915358543395996,10.0,90,100
Ae:ther,ec047494-cedd-482b-9749-ea6a7349e62c,2026-06-17,-15.969951629638672,0.0,100,100
Sisi,caf7a65f-5b06-4455-8e3e-b4fe980defdd,2026-06-22,-16.354116439819336,20.0,80,100
Carlita,6d519f1f-4ec7-4fa9-b566-adad5d7ff1f2,2026-06-17,-16.47705841064453,0.0,100,100
Satoshi,f57010d8-330c-4a4b-be8a-ff22079cf38d,2026-06-22,-16.610652923583984,8.0,92,100
Inafekt,3ad18db8-03de-48d1-af9f-fd0df1a136df,2026-06-17,-16.684864044189453,0.0,100,100
Gyatso,98bdfc10-de2b-41a4-8070-85aa3f642d9d,2026-06-17,-16.80012321472168,0.0,100,100
DAX J,11b280ba-1763-466a-a75f-baf08b306344,2026-06-17,-16.85494041442871,10.0,90,100
Enequist,edc368d7-cbd2-4fcc-8553-26ddf93eef64,2026-06-17,-17.13860511779785,20.0,80,100
Demi Riquisimo,553908ca-52e9-4346-8d6c-9fe7634db995,2026-06-17,-17.339710235595703,0.0,100,100
DJ Boring,c997dc68-a5cb-48aa-ad6a-c4384ff1ce26,2026-06-17,-17.39801025390625,0.0,100,100
Ozzie Guven,1581893f-c295-4dca-8aea-e1bc355692fe,2026-06-17,-17.818506240844727,10.0,90,100
Jordan Brando,c916a365-fb95-417b-ad67-3a52b324be2b,2026-06-17,-17.87251853942871,10.0,90,100
CHEWCHEW,214124c4-ba9f-4d5b-a3cb-1af0b7f93596,2026-06-22,-18.087324142456055,20.0,80,100
TWIENA,40acd603-d484-45e6-af23-ca1c528ea65b,2026-06-22,-18.096221923828125,10.0,90,100
Ron Obvious,d255160a-6ed5-479b-a317-aa930b53b86f,2026-06-17,-18.10378074645996,20.0,80,100
Harry McCanna,0a791e39-a99e-4749-a2d9-a56bb3f97ee2,2026-06-17,-18.738754272460938,20.0,80,100
Ellen Allien,fd3239a9-5cde-4bdc-b76f-caffd7932eac,2026-06-17,-19.024518966674805,0.0,100,100
Laurine,d22cc0e1-ce65-46b6-bbd6-cf6512f828ff,2026-06-17,-19.099111557006836,30.0,70,100
Leo Sanderson,ace68b69-e9bb-46d8-9d28-88ec141a5704,2026-06-17,-19.219188690185547,0.0,100,100
OCCA,08e6e530-01d5-4a99-b577-a44941cb80cf,2026-06-22,-19.62816047668457,17.0,83,100
job jobse,3e10e2af-74d9-471b-8370-428163785628,2026-06-22,-20.13848876953125,20.0,80,100
Steve Rachmad,155cd04d-8e99-4d81-bab9-16900813ef4a,2026-06-22,-20.313722610473633,0.0,100,100
Marie Malarie,257857b6-2bf2-42df-91a6-47f019565e9e,2026-06-22,-20.573585510253906,20.0,80,100
Anetha,173fd917-1055-4094-b875-19d36c1174ef,2026-06-22,-20.63072395324707,0.0,100,100
De Sluwe Vos,bc45f991-6164-4bad-8fdf-cde9e6dbf88c,2026-06-22,-20.72536849975586,0.0,100,100
Ron Trent,412e6233-983d-47f2-af15-b0a7d55c1d50,2026-06-22,-20.95965576171875,0.0,100,100
Nala Brown,d85defb4-9bf5-4096-a007-d19a55a86bc6,2026-06-22,-21.820716857910156,20.0,80,100
Reflex Blue,d865fecf-bbc0-4e95-8cbc-8b7813e7e1cc,2026-06-17,-22.090980529785156,20.0,80,100
U Know The Drill,8eeec37a-f9ae-4166-80b4-46f2bd7e9a91,2026-06-17,-22.408382415771484,20.0,80,100
Makèz,2d7c2488-257f-413d-b527-c3025b7d3b34,2026-06-17,-22.51310157775879,5.0,95,100
Ingi Visions,ca753d7e-f214-4b16-92e4-a0ad58aad4d4,2026-06-17,-22.943065643310547,20.0,80,100
Bibtiana,8f9b1326-72f0-4f0a-8986-f4c07d14a473,2026-06-22,-23.171648025512695,5.0,95,100
LB aka LABAT,6519a522-9f7e-484d-ac3c-f4a57d5e7f56,2026-06-18,-23.187685012817383,0.0,100,100
DJ K,a039a76b-3fdc-4921-9429-82364fbd465f,2026-06-17,-23.437101364135742,15.0,85,100
Tonco,b648bc5f-4b57-4166-b618-e257c6d81c46,2026-06-22,-23.641836166381836,20.0,80,100
Valeby,057bd34b-c2e0-4c35-9e32-45fb4dd73638,2026-06-22,-23.840179443359375,20.0,80,100
Ranger Trucco,c58c1be4-681b-4829-9b9b-8c3e22c01dd0,2026-06-22,-24.034639358520508,0.0,100,100
Anil Aras,114025d0-3024-42ad-ae8d-f88e079bd2d0,2026-06-17,-24.545820236206055,20.0,80,100
Toobris,b65f8bed-8dd0-438c-bdc9-c2f1f6a09c53,2026-06-22,-24.939638137817383,10.0,90,100
Thomas P. Heckmann,453c3ef1-4f83-4849-946f-88f9a6a103e7,2026-06-17,-24.963178634643555,10.0,90,100
Beatrice,159eea13-7f4c-41c1-9fca-d3ca1f30913f,2026-06-17,-25.155351638793945,15.0,85,100
DJ Almelo,b83ce3f1-9a6b-40c6-b25d-894e0c279390,2026-06-17,-26.654022216796875,10.0,90,100
Elias Mazian,3520b09f-1477-4eda-9412-4afbf8e9343f,2026-06-22,-27.931068420410156,0.0,100,100
Rayzir,cc0e04d1-e714-436e-a09a-f5de9a8751c6,2026-06-18,-28.97989845275879,10.0,90,100
Nene H,f6ccca35-79ef-4ebc-a786-06013e51359d,2026-06-22,-29.380386352539062,20.0,80,100
RONI,5b748b2b-14d9-4bd9-bd85-0965f3c3f3e5,2026-06-22,-29.71622657775879,20.0,80,100
Quest,b31b1526-9f07-4db8-a184-a1927586e3f5,2026-06-17,-29.882585525512695,20.0,80,100
Ryan Elliot,acdd2de1-056b-45cb-a9b6-e482cc2f09a5,2026-06-17,-30.409351348876953,20.0,80,100
Clarisa Kimskii,5c9b23bc-9523-4111-a868-3e8245d6a19c,2026-06-17,-31.196025848388672,20.0,80,100
Diora,896dfa30-6c76-4d1b-a8de-dcf9b2095e55,2026-06-17,-31.8898868560791,20.0,80,100
Identified Patient,93b3d5da-49d0-4dd1-8ebc-bd8833e764a3,2026-06-17,-32.44589614868164,0.0,100,100
Lobster,8566f82d-d65a-4a19-b33e-8973ca25f817,2026-06-17,-33.34417724609375,20.0,80,100
Enzo Jeff,22f5ef25-2a5b-4d84-9eec-608b09439bc8,2026-06-17,-37.015743255615234,20.0,80,100
Blackchild (ITA),73f94f14-cb9c-4313-9fdb-2616fe9c36dd,2026-06-17,-37.868743896484375,20.0,80,100
Innersha,545842cf-9bde-4251-ae21-4eb58bbced91,2026-06-17,-38.91938018798828,20.0,80,100
Agonis,b8a7bafe-a045-42ca-991c-b84187b6df27,2026-06-22,-39.83564376831055,25.0,75,100
Fonte,90d58dce-998f-4b86-8bd6-fb674ae9a0e5,2026-06-17,-40.056480407714844,20.0,80,100
Syreeta,4e90664d-9c27-48ff-9007-5600753009da,2026-06-22,-40.749725341796875,10.0,90,100
Valody,758d8774-7f31-4a00-9d61-3de0b6fb2d69,2026-06-22,-43.129974365234375,20.0,80,100
DJ Leoni,cdc29fa6-65a9-447d-b12f-a79e89366fab,2026-06-17,-43.403690338134766,20.0,80,100
Spray,ebdee973-525f-464c-8288-b959375929da,2026-06-22,-43.93056869506836,20.0,80,100
Noach,69b8a4c7-972d-48bb-9dd0-4ad8a724b60d,2026-06-17,-47.32155227661133,20.0,80,100
TINS,50f4e795-7220-48f6-acf7-3648c2d4f761,2026-06-22,-47.99639129638672,20.0,80,100
Emvae,1e16d9b5-c320-443d-b9e5-1e2d0d124565,2026-06-22,-48.29495620727539,15.0,85,100
Sepehr,8eca6be5-05ef-4303-a456-95af8d968024,2026-06-22,-50.535552978515625,15.0,85,100
Antal,65837788-eb1a-4d09-a8ba-722b02ebc062,2026-06-22,-50.569236755371094,20.0,80,100
Timo Nikson,ed92dd29-76f4-47ca-b16a-62a739f79412,2026-06-17,-52.06743240356445,20.0,80,100
The Ghost,b4567b47-5075-49fa-a188-1e07d0c3ff30,2026-06-17,-52.10049819946289,52.0,48,100
Spekki Webu,55220a0a-2eaa-46ea-a824-adbc23afedaf,2026-06-22,-52.57925796508789,20.0,80,100
Raven,abf28d70-4951-4e9d-b718-11718fda0d7d,2026-06-17,-52.64176559448242,10.0,90,100
Laura van Hal,dcf219b1-63e3-4737-a562-8e195728a38e,2026-06-22,-52.68986129760742,20.0,80,100
Velasco,a3397de9-048e-4f0b-ad81-16497d664764,2026-06-17,-53.86007308959961,20.0,80,100
Olivia Mendez,d094976e-04ec-4904-baa4-1b98b86b53f4,2026-06-22,-54.06442642211914,20.0,80,100
Kalle Pablo,c4f2193f-f7ee-42ac-9a43-fb191b328a65,2026-06-17,-56.756874084472656,24.0,76,100
Rozaly,9815ccc5-3ef0-4622-99b8-7d2eb37f8d49,2026-06-22,-59.45307540893555,22.0,78,100
Dresden,997506ca-da85-4774-824a-b9d6abded26c,2026-06-17,-63.1845703125,30.0,70,100
Stella Zekri,a2a0aaa0-5e33-4b04-ad8a-55dedfa9e072,2026-06-17,-71.49744415283203,30.0,70,100
Nick Moody,ecd870e1-fe8b-4338-9e87-8aed4ed9ec58,2026-06-22,-75.18611907958984,85.0,15,100
Sherelle,6f6fd095-8ea8-4d84-aeb3-bf7de4025897,2026-06-22,-76.16429138183594,5.0,95,100
Chami,c1e790af-1b14-40ce-8b9f-c7f8eea7ddb0,2026-06-17,-77.45488739013672,20.0,80,100
Cormac,6d82a1a1-17b7-4e85-afa4-82b2691642f0,2026-06-17,-79.13848114013672,25.0,75,100
DJ PAULÃO,cab4e684-3b09-461c-a25a-399de0f69542,2026-06-17,-79.188232421875,20.0,80,100
Timnah,44c2a464-b730-40be-9320-f5f8d4b90ce2,2026-06-22,-79.2433090209961,25.0,75,100
Justine Perry,e5bbac5a-ab4e-4e52-98d2-c699bd638306,2026-06-17,-79.29522705078125,25.0,75,100
upsammy,0d0512dc-e0ca-4f00-a383-f9c8bed3bc6b,2026-06-22,-79.60037994384766,25.0,75,100
Gene On Earth,a89d2920-c101-4f18-89e9-cba486ae7271,2026-06-17,-82.88691711425781,30.0,70,100
Sozef,bc7ed06a-6756-43ba-851d-19ad2da724fa,2026-06-22,-85.0301742553711,25.0,75,100
Florinsz,429e4416-e3a0-4f63-a04a-67275c7fd746,2026-06-21,-85.73580169677734,30.0,70,100
Soft Break,516feb17-30e8-40ec-aaa4-0eb5c536d689,2026-06-22,-86.21488189697266,33.0,67,100
Umwelt,906a29e7-7e8a-470f-96dd-a34d8fce6471,2026-06-22,-89.1264877319336,20.0,80,100
PLO Man,8481b587-c9c5-4aee-bb74-7cce1ad2ea01,2026-06-18,-90.20027160644531,30.0,70,100
Elotrance,61c7b8cb-3de7-429f-9469-5eee623f5a72,2026-06-22,-90.26373291015625,25.0,75,100
Aletha,2e76852e-24f5-4d97-9477-7332947da870,2026-06-18,-90.9024887084961,32.0,68,100
Rocinha,1ef12ad4-dcc9-49db-a6e0-d06450580254,2026-06-17,-92.4389877319336,25.0,75,100
Karina Schneider,38c0e39b-926b-42d2-bc9c-2423b6fe8220,2026-06-18,-96.45425415039062,25.0,75,100
Patrick Topping,6b5fe4cd-ecd3-417e-a797-90ab22c42051,2026-06-17,-97.89446258544922,5.0,95,100
Vera Moro,8a601f0e-be81-4a2f-9d03-6d95475728f9,2026-06-17,-98.17034149169922,25.0,75,100
NDRX,bfab6f7b-6685-4f15-9f68-a6bc3df0fb50,2026-06-22,-98.34878540039062,33.0,67,100
STERAC,ffc30730-ac03-4b7c-b67c-70feecc3bbdb,2026-06-22,-98.72525787353516,25.0,75,100
DJ Killing,a6c1f782-4a12-4b14-a138-4707ba05a9a9,2026-06-17,-98.95758056640625,35.0,65,100
Traumer,d29211de-1415-4982-aa7d-fb843b175757,2026-06-17,-99.46642303466797,10.0,90,100
J:Me,51fbfba4-18d4-40ff-b4f1-5b85765fba98,2026-06-18,-100.79682922363281,61.0,39,100
Marius Bø,f0e47846-76cb-491c-aea2-47214ac07ca2,2026-06-17,-100.80900573730469,35.0,65,100
Lola Edo,6e781577-5cad-42a3-aa21-67104c58059d,2026-06-22,-100.9705581665039,35.0,65,100
Sadar Bahar,896fa8e4-1570-4724-88d7-7652163fdddd,2026-06-22,-100.9705581665039,35.0,65,100
Lolsnake,6fe912d9-0eb4-4314-aa28-8f7aa44467c0,2026-06-22,-101.14236450195312,35.0,65,100
Wispelturig,5fa97068-8d9f-401c-a0c2-20be00188f0b,2026-06-22,-101.21269226074219,25.0,75,100
DJ Senc,f187dbf4-e04c-4602-abfb-ef38551d2be5,2026-06-17,-101.35234832763672,35.0,65,100
I-RO,fd880274-76cd-48fe-a836-080a4173e9a7,2026-06-18,-101.48352813720703,35.0,65,100
Timmerman,75ca6696-e2f0-41d5-b251-176ae98f2954,2026-06-22,-101.50334930419922,35.0,65,100
Olivia Lensen,8d001b0b-9043-40a8-8b07-76a55344e017,2026-06-18,-101.63040161132812,35.0,65,100
LIL VIC,7969f2bd-80fc-419c-a154-50b49529254f,2026-06-18,-101.70830535888672,35.0,65,100
Mai-Linh,9288a7d5-141e-4e49-aa92-d2e9a1feb91e,2026-06-18,-101.91393280029297,35.0,65,100
Queen Saba,dac0faa8-8925-4f98-9ce3-caed73aecb63,2026-06-22,-102.0038070678711,35.0,65,100
Woody92,a1f1c328-c5ee-4f45-96a5-244f963ab3d9,2026-06-22,-105.21068572998047,25.0,75,100
